{
  "experiment": "exp_045_per_head_kv_perturbation",
  "model": "Qwen/Qwen3-4B-Base",
  "num_layers": 36,
  "n_kv_heads": 8,
  "n_attn_heads": 32,
  "head_dim": 128,
  "architecture": "GQA",
  "n_valid": 24,
  "n_processed": 24,
  "n_skip_wrong": 0,
  "n_skip_trunc": 0,
  "conditions": [
    "head_k_0",
    "head_k_1",
    "head_k_2",
    "head_k_3",
    "head_k_4",
    "head_k_5",
    "head_k_6",
    "head_k_7",
    "head_v_0",
    "head_v_1",
    "head_v_2",
    "head_v_3",
    "head_v_4",
    "head_v_5",
    "head_v_6",
    "head_v_7"
  ],
  "aggregated": {
    "head_k_0": {
      "n": 24,
      "n_correct": 16,
      "accuracy": 0.6666666666666666,
      "text_accuracy": 0.8797681468229176,
      "clean_text_accuracy": 1.0,
      "accuracy_drop": 0.33333333333333337,
      "text_drop": 0.1202318531770824,
      "dissociation": 0.21310148015625097,
      "wilson_ci_lo": 0.46705959494080457,
      "wilson_ci_hi": 0.8202802131162036,
      "perturb_rms": 48.96842628730055,
      "signal_rms": 34.63612753554394
    },
    "head_k_1": {
      "n": 24,
      "n_correct": 24,
      "accuracy": 1.0,
      "text_accuracy": 0.9668317544138502,
      "clean_text_accuracy": 1.0,
      "accuracy_drop": 0.0,
      "text_drop": 0.033168245586149836,
      "dissociation": -0.033168245586149836,
      "wilson_ci_lo": 0.8620194241710247,
      "wilson_ci_hi": 1.0,
      "perturb_rms": 60.86818459578904,
      "signal_rms": 43.03171104836259
    },
    "head_k_2": {
      "n": 24,
      "n_correct": 24,
      "accuracy": 1.0,
      "text_accuracy": 0.9702976203877056,
      "clean_text_accuracy": 1.0,
      "accuracy_drop": 0.0,
      "text_drop": 0.029702379612294383,
      "dissociation": -0.029702379612294383,
      "wilson_ci_lo": 0.8620194241710247,
      "wilson_ci_hi": 1.0,
      "perturb_rms": 51.37683881616518,
      "signal_rms": 36.34321748258313
    },
    "head_k_3": {
      "n": 24,
      "n_correct": 24,
      "accuracy": 1.0,
      "text_accuracy": 0.9710108437318282,
      "clean_text_accuracy": 1.0,
      "accuracy_drop": 0.0,
      "text_drop": 0.02898915626817178,
      "dissociation": -0.02898915626817178,
      "wilson_ci_lo": 0.8620194241710247,
      "wilson_ci_hi": 1.0,
      "perturb_rms": 53.469253836037886,
      "signal_rms": 37.81029215555126
    },
    "head_k_4": {
      "n": 24,
      "n_correct": 24,
      "accuracy": 1.0,
      "text_accuracy": 0.9765582518095052,
      "clean_text_accuracy": 1.0,
      "accuracy_drop": 0.0,
      "text_drop": 0.023441748190494827,
      "dissociation": -0.023441748190494827,
      "wilson_ci_lo": 0.8620194241710247,
      "wilson_ci_hi": 1.0,
      "perturb_rms": 59.249090082938146,
      "signal_rms": 41.88115710270994
    },
    "head_k_5": {
      "n": 24,
      "n_correct": 12,
      "accuracy": 0.5,
      "text_accuracy": 0.8902379277428297,
      "clean_text_accuracy": 1.0,
      "accuracy_drop": 0.5,
      "text_drop": 0.10976207225717027,
      "dissociation": 0.3902379277428297,
      "wilson_ci_lo": 0.3142713162776308,
      "wilson_ci_hi": 0.6857286837223692,
      "perturb_rms": 53.01054508742289,
      "signal_rms": 37.506593217908595
    },
    "head_k_6": {
      "n": 24,
      "n_correct": 24,
      "accuracy": 1.0,
      "text_accuracy": 0.9634843279094999,
      "clean_text_accuracy": 1.0,
      "accuracy_drop": 0.0,
      "text_drop": 0.036515672090500106,
      "dissociation": -0.036515672090500106,
      "wilson_ci_lo": 0.8620194241710247,
      "wilson_ci_hi": 1.0,
      "perturb_rms": 54.090554611171115,
      "signal_rms": 38.2325872246696
    },
    "head_k_7": {
      "n": 24,
      "n_correct": 23,
      "accuracy": 0.9583333333333334,
      "text_accuracy": 0.9714087350043066,
      "clean_text_accuracy": 1.0,
      "accuracy_drop": 0.04166666666666663,
      "text_drop": 0.02859126499569342,
      "dissociation": 0.013075401670973208,
      "wilson_ci_lo": 0.7975777375115778,
      "wilson_ci_hi": 0.9926067346451949,
      "perturb_rms": 56.65012397774166,
      "signal_rms": 40.10434910377976
    },
    "head_v_0": {
      "n": 24,
      "n_correct": 24,
      "accuracy": 1.0,
      "text_accuracy": 0.9361037241249998,
      "clean_text_accuracy": 1.0,
      "accuracy_drop": 0.0,
      "text_drop": 0.06389627587500024,
      "dissociation": -0.06389627587500024,
      "wilson_ci_lo": 0.8620194241710247,
      "wilson_ci_hi": 1.0,
      "perturb_rms": 24.29583442242624,
      "signal_rms": 17.181394923346627
    },
    "head_v_1": {
      "n": 24,
      "n_correct": 24,
      "accuracy": 1.0,
      "text_accuracy": 0.968789093029379,
      "clean_text_accuracy": 1.0,
      "accuracy_drop": 0.0,
      "text_drop": 0.03121090697062101,
      "dissociation": -0.03121090697062101,
      "wilson_ci_lo": 0.8620194241710247,
      "wilson_ci_hi": 1.0,
      "perturb_rms": 22.767624858490375,
      "signal_rms": 16.09319998672064
    },
    "head_v_2": {
      "n": 24,
      "n_correct": 24,
      "accuracy": 1.0,
      "text_accuracy": 0.970814604680393,
      "clean_text_accuracy": 1.0,
      "accuracy_drop": 0.0,
      "text_drop": 0.029185395319606955,
      "dissociation": -0.029185395319606955,
      "wilson_ci_lo": 0.8620194241710247,
      "wilson_ci_hi": 1.0,
      "perturb_rms": 22.876271758601394,
      "signal_rms": 16.176902105716792
    },
    "head_v_3": {
      "n": 24,
      "n_correct": 24,
      "accuracy": 1.0,
      "text_accuracy": 0.9699014125342051,
      "clean_text_accuracy": 1.0,
      "accuracy_drop": 0.0,
      "text_drop": 0.030098587465794857,
      "dissociation": -0.030098587465794857,
      "wilson_ci_lo": 0.8620194241710247,
      "wilson_ci_hi": 1.0,
      "perturb_rms": 25.73456579295618,
      "signal_rms": 18.202379883180928
    },
    "head_v_4": {
      "n": 24,
      "n_correct": 24,
      "accuracy": 1.0,
      "text_accuracy": 0.9766290028561246,
      "clean_text_accuracy": 1.0,
      "accuracy_drop": 0.0,
      "text_drop": 0.02337099714387536,
      "dissociation": -0.02337099714387536,
      "wilson_ci_lo": 0.8620194241710247,
      "wilson_ci_hi": 1.0,
      "perturb_rms": 21.251661815440787,
      "signal_rms": 15.024127960629933
    },
    "head_v_5": {
      "n": 24,
      "n_correct": 24,
      "accuracy": 1.0,
      "text_accuracy": 0.96800717247537,
      "clean_text_accuracy": 1.0,
      "accuracy_drop": 0.0,
      "text_drop": 0.03199282752462995,
      "dissociation": -0.03199282752462995,
      "wilson_ci_lo": 0.8620194241710247,
      "wilson_ci_hi": 1.0,
      "perturb_rms": 22.044854963949735,
      "signal_rms": 15.585601558836592
    },
    "head_v_6": {
      "n": 24,
      "n_correct": 24,
      "accuracy": 1.0,
      "text_accuracy": 0.9522025356739277,
      "clean_text_accuracy": 1.0,
      "accuracy_drop": 0.0,
      "text_drop": 0.04779746432607235,
      "dissociation": -0.04779746432607235,
      "wilson_ci_lo": 0.8620194241710247,
      "wilson_ci_hi": 1.0,
      "perturb_rms": 22.88339739815322,
      "signal_rms": 16.185041743902605
    },
    "head_v_7": {
      "n": 24,
      "n_correct": 24,
      "accuracy": 1.0,
      "text_accuracy": 0.976466562063047,
      "clean_text_accuracy": 1.0,
      "accuracy_drop": 0.0,
      "text_drop": 0.02353343793695295,
      "dissociation": -0.02353343793695295,
      "wilson_ci_lo": 0.8620194241710247,
      "wilson_ci_hi": 1.0,
      "perturb_rms": 23.41517341529774,
      "signal_rms": 16.556642737347683
    }
  },
  "elapsed_seconds": 1564.0083549022675
}