{
  "model": "Qwen/Qwen3-4B-Base",
  "n_problems": 80,
  "n_attempted": 92,
  "n_position_bins": 10,
  "probe_layers": [
    9,
    18,
    27,
    35
  ],
  "n_layers": 36,
  "hidden_size": 2560,
  "kv_dim": 1024,
  "n_kv_heads": 8,
  "head_dim": 128,
  "best_layer": 27,
  "answer_stats": {
    "min": 2.0,
    "max": 70000.0,
    "mean": 1942.05,
    "std": 10019.90828663117,
    "n_unique": 61
  },
  "probe_results": {
    "K_L9_b0": {
      "r": 0.3696,
      "p": 0.000742
    },
    "V_L9_b0": {
      "r": 0.3066,
      "p": 0.005676
    },
    "shuffle_L9_b0": {
      "r": -0.1016,
      "p": 0.369794
    },
    "K_L9_b1": {
      "r": 0.58,
      "p": 0.0
    },
    "V_L9_b1": {
      "r": 0.6411,
      "p": 0.0
    },
    "shuffle_L9_b1": {
      "r": -0.1843,
      "p": 0.101678
    },
    "K_L9_b2": {
      "r": 0.3927,
      "p": 0.000314
    },
    "V_L9_b2": {
      "r": 0.3333,
      "p": 0.002515
    },
    "shuffle_L9_b2": {
      "r": -0.275,
      "p": 0.013573
    },
    "K_L9_b3": {
      "r": 0.1723,
      "p": 0.126503
    },
    "V_L9_b3": {
      "r": 0.1971,
      "p": 0.079705
    },
    "shuffle_L9_b3": {
      "r": -0.2098,
      "p": 0.061822
    },
    "K_L9_b4": {
      "r": -0.0866,
      "p": 0.445036
    },
    "V_L9_b4": {
      "r": -0.2019,
      "p": 0.072561
    },
    "shuffle_L9_b4": {
      "r": -0.2486,
      "p": 0.026195
    },
    "K_L9_b5": {
      "r": -0.2411,
      "p": 0.031182
    },
    "V_L9_b5": {
      "r": -0.2539,
      "p": 0.023044
    },
    "shuffle_L9_b5": {
      "r": -0.2062,
      "p": 0.066485
    },
    "K_L9_b6": {
      "r": -0.2788,
      "p": 0.012266
    },
    "V_L9_b6": {
      "r": -0.2844,
      "p": 0.010558
    },
    "shuffle_L9_b6": {
      "r": -0.2518,
      "p": 0.024256
    },
    "K_L9_b7": {
      "r": -0.2952,
      "p": 0.007856
    },
    "V_L9_b7": {
      "r": -0.2052,
      "p": 0.067811
    },
    "shuffle_L9_b7": {
      "r": -0.1831,
      "p": 0.104035
    },
    "K_L9_b8": {
      "r": -0.216,
      "p": 0.054321
    },
    "V_L9_b8": {
      "r": -0.2085,
      "p": 0.063408
    },
    "shuffle_L9_b8": {
      "r": -0.1404,
      "p": 0.214042
    },
    "K_L9_b9": {
      "r": 0.0699,
      "p": 0.537947
    },
    "V_L9_b9": {
      "r": -0.0033,
      "p": 0.977137
    },
    "shuffle_L9_b9": {
      "r": -0.3265,
      "p": 0.003119
    },
    "K_L18_b0": {
      "r": 0.4,
      "p": 0.000237
    },
    "V_L18_b0": {
      "r": 0.391,
      "p": 0.000336
    },
    "shuffle_L18_b0": {
      "r": 0.1597,
      "p": 0.157025
    },
    "K_L18_b1": {
      "r": 0.467,
      "p": 1.3e-05
    },
    "V_L18_b1": {
      "r": 0.5597,
      "p": 0.0
    },
    "shuffle_L18_b1": {
      "r": -0.2122,
      "p": 0.058849
    },
    "K_L18_b2": {
      "r": 0.329,
      "p": 0.002883
    },
    "V_L18_b2": {
      "r": 0.2389,
      "p": 0.032835
    },
    "shuffle_L18_b2": {
      "r": -0.1718,
      "p": 0.127578
    },
    "K_L18_b3": {
      "r": 0.1575,
      "p": 0.162953
    },
    "V_L18_b3": {
      "r": 0.1745,
      "p": 0.121578
    },
    "shuffle_L18_b3": {
      "r": -0.0699,
      "p": 0.537886
    },
    "K_L18_b4": {
      "r": -0.108,
      "p": 0.340209
    },
    "V_L18_b4": {
      "r": -0.2033,
      "p": 0.070496
    },
    "shuffle_L18_b4": {
      "r": -0.2704,
      "p": 0.015277
    },
    "K_L18_b5": {
      "r": -0.2537,
      "p": 0.023151
    },
    "V_L18_b5": {
      "r": -0.3096,
      "p": 0.005191
    },
    "shuffle_L18_b5": {
      "r": -0.306,
      "p": 0.005775
    },
    "K_L18_b6": {
      "r": -0.2893,
      "p": 0.009237
    },
    "V_L18_b6": {
      "r": -0.3135,
      "p": 0.004627
    },
    "shuffle_L18_b6": {
      "r": -0.2538,
      "p": 0.023132
    },
    "K_L18_b7": {
      "r": -0.2796,
      "p": 0.012007
    },
    "V_L18_b7": {
      "r": -0.3062,
      "p": 0.005738
    },
    "shuffle_L18_b7": {
      "r": -0.1817,
      "p": 0.106692
    },
    "K_L18_b8": {
      "r": -0.0605,
      "p": 0.593974
    },
    "V_L18_b8": {
      "r": -0.1537,
      "p": 0.173563
    },
    "shuffle_L18_b8": {
      "r": -0.101,
      "p": 0.372465
    },
    "K_L18_b9": {
      "r": 0.0905,
      "p": 0.424799
    },
    "V_L18_b9": {
      "r": 0.0463,
      "p": 0.683511
    },
    "shuffle_L18_b9": {
      "r": -0.3263,
      "p": 0.003142
    },
    "K_L27_b0": {
      "r": 0.4303,
      "p": 6.8e-05
    },
    "V_L27_b0": {
      "r": 0.454,
      "p": 2.3e-05
    },
    "shuffle_L27_b0": {
      "r": 0.0657,
      "p": 0.56245
    },
    "K_L27_b1": {
      "r": 0.5688,
      "p": 0.0
    },
    "V_L27_b1": {
      "r": 0.546,
      "p": 0.0
    },
    "shuffle_L27_b1": {
      "r": -0.2125,
      "p": 0.058454
    },
    "K_L27_b2": {
      "r": 0.3535,
      "p": 0.001297
    },
    "V_L27_b2": {
      "r": 0.3938,
      "p": 0.000301
    },
    "shuffle_L27_b2": {
      "r": -0.2581,
      "p": 0.020811
    },
    "K_L27_b3": {
      "r": 0.2785,
      "p": 0.012369
    },
    "V_L27_b3": {
      "r": 0.2132,
      "p": 0.057555
    },
    "shuffle_L27_b3": {
      "r": -0.0314,
      "p": 0.782376
    },
    "K_L27_b4": {
      "r": -0.1154,
      "p": 0.308191
    },
    "V_L27_b4": {
      "r": -0.1996,
      "p": 0.075932
    },
    "shuffle_L27_b4": {
      "r": -0.2701,
      "p": 0.015404
    },
    "K_L27_b5": {
      "r": -0.287,
      "p": 0.009835
    },
    "V_L27_b5": {
      "r": -0.3037,
      "p": 0.006175
    },
    "shuffle_L27_b5": {
      "r": -0.1154,
      "p": 0.308019
    },
    "K_L27_b6": {
      "r": -0.2795,
      "p": 0.012033
    },
    "V_L27_b6": {
      "r": -0.2972,
      "p": 0.007419
    },
    "shuffle_L27_b6": {
      "r": -0.2527,
      "p": 0.023746
    },
    "K_L27_b7": {
      "r": -0.2967,
      "p": 0.007538
    },
    "V_L27_b7": {
      "r": -0.3021,
      "p": 0.006469
    },
    "shuffle_L27_b7": {
      "r": -0.1822,
      "p": 0.105747
    },
    "K_L27_b8": {
      "r": 0.0179,
      "p": 0.874522
    },
    "V_L27_b8": {
      "r": -0.1224,
      "p": 0.279509
    },
    "shuffle_L27_b8": {
      "r": -0.0045,
      "p": 0.968522
    },
    "K_L27_b9": {
      "r": 0.1088,
      "p": 0.336519
    },
    "V_L27_b9": {
      "r": 0.0756,
      "p": 0.505277
    },
    "shuffle_L27_b9": {
      "r": -0.3267,
      "p": 0.003098
    },
    "K_L35_b0": {
      "r": 0.4338,
      "p": 5.8e-05
    },
    "V_L35_b0": {
      "r": 0.4336,
      "p": 5.9e-05
    },
    "shuffle_L35_b0": {
      "r": -0.0887,
      "p": 0.434106
    },
    "K_L35_b1": {
      "r": 0.5297,
      "p": 0.0
    },
    "V_L35_b1": {
      "r": 0.5973,
      "p": 0.0
    },
    "shuffle_L35_b1": {
      "r": -0.1638,
      "p": 0.14659
    },
    "K_L35_b2": {
      "r": 0.4044,
      "p": 0.000199
    },
    "V_L35_b2": {
      "r": 0.4546,
      "p": 2.3e-05
    },
    "shuffle_L35_b2": {
      "r": -0.1911,
      "p": 0.08953
    },
    "K_L35_b3": {
      "r": 0.2607,
      "p": 0.01951
    },
    "V_L35_b3": {
      "r": 0.2432,
      "p": 0.029729
    },
    "shuffle_L35_b3": {
      "r": -0.0202,
      "p": 0.859017
    },
    "K_L35_b4": {
      "r": -0.0464,
      "p": 0.682856
    },
    "V_L35_b4": {
      "r": -0.2087,
      "p": 0.063135
    },
    "shuffle_L35_b4": {
      "r": -0.2548,
      "p": 0.02254
    },
    "K_L35_b5": {
      "r": -0.3779,
      "p": 0.000549
    },
    "V_L35_b5": {
      "r": -0.3708,
      "p": 0.000709
    },
    "shuffle_L35_b5": {
      "r": -0.2626,
      "p": 0.018619
    },
    "K_L35_b6": {
      "r": -0.2782,
      "p": 0.012458
    },
    "V_L35_b6": {
      "r": -0.3127,
      "p": 0.004739
    },
    "shuffle_L35_b6": {
      "r": -0.2524,
      "p": 0.02391
    },
    "K_L35_b7": {
      "r": -0.3173,
      "p": 0.004134
    },
    "V_L35_b7": {
      "r": -0.3022,
      "p": 0.006447
    },
    "shuffle_L35_b7": {
      "r": -0.196,
      "p": 0.081387
    },
    "K_L35_b8": {
      "r": 0.0299,
      "p": 0.792322
    },