{
  "experiment": "exp_035_phi_magnitude_dose",
  "model": "microsoft/Phi-3.5-mini-instruct",
  "num_layers": 32,
  "n_kv_heads": 32,
  "n_attn_heads": 32,
  "head_dim": 96,
  "architecture": "MHA",
  "n_valid": 43,
  "n_processed": 43,
  "n_skip_wrong": 15,
  "n_skip_trunc": 0,
  "conditions": [
    "mag_k_05",
    "mag_k_10",
    "mag_k_20",
    "mag_k_50",
    "mag_v_10",
    "mag_v_20",
    "mag_v_30",
    "mag_v_50",
    "mag_v_100",
    "mag_kv_10",
    "mag_kv_20"
  ],
  "aggregated": {
    "mag_k_05": {
      "n": 43,
      "accuracy": 0.9767441860465116,
      "text_accuracy": 0.9990251833842682,
      "clean_text_accuracy": 1.0,
      "accuracy_drop": 0.023255813953488413,
      "text_drop": 0.0009748166157318439,
      "dissociation": 0.02228099733775657,
      "wilson_ci_lo": 0.8794073213878312,
      "wilson_ci_hi": 0.9958830188225802,
      "k_rms": 50.56404348401919,
      "v_rms": 0.0,
      "k_signal_rms": 103.32045090656841,
      "v_signal_rms": 37.45461870401278
    },
    "mag_k_10": {
      "n": 43,
      "accuracy": 0.7906976744186046,
      "text_accuracy": 0.9972931899361818,
      "clean_text_accuracy": 1.0,
      "accuracy_drop": 0.2093023255813954,
      "text_drop": 0.0027068100638182324,
      "dissociation": 0.20659551551757716,
      "wilson_ci_lo": 0.6479406820576337,
      "wilson_ci_hi": 0.8857729400218853,
      "k_rms": 88.71057486284337,
      "v_rms": 0.0,
      "k_signal_rms": 102.21388801981638,
      "v_signal_rms": 37.82782762939894
    },
    "mag_k_20": {
      "n": 43,
      "accuracy": 0.5116279069767442,
      "text_accuracy": 0.9945320717200578,
      "clean_text_accuracy": 1.0,
      "accuracy_drop": 0.4883720930232558,
      "text_drop": 0.005467928279942247,
      "dissociation": 0.48290416474331355,
      "wilson_ci_lo": 0.36752063766074083,
      "wilson_ci_hi": 0.65382790722244,
      "k_rms": 155.07270068426874,
      "v_rms": 0.0,
      "k_signal_rms": 100.86660632906889,
      "v_signal_rms": 38.548583739349844
    },
    "mag_k_50": {
      "n": 43,
      "accuracy": 0.16279069767441862,
      "text_accuracy": 0.9883410800184449,
      "clean_text_accuracy": 1.0,
      "accuracy_drop": 0.8372093023255813,
      "text_drop": 0.011658919981555105,
      "dissociation": 0.8255503823440262,
      "wilson_ci_lo": 0.08116524502857547,
      "wilson_ci_hi": 0.2997269533591824,
      "k_rms": 349.0509287991654,
      "v_rms": 0.0,
      "k_signal_rms": 97.45163374950161,
      "v_signal_rms": 39.265655369589346
    },
    "mag_v_10": {
      "n": 43,
      "accuracy": 1.0,
      "text_accuracy": 0.998618093325668,
      "clean_text_accuracy": 1.0,
      "accuracy_drop": 0.0,
      "text_drop": 0.001381906674332023,
      "dissociation": -0.001381906674332023,
      "wilson_ci_lo": 0.9179874299767727,
      "wilson_ci_hi": 1.0,
      "k_rms": 0.0,
      "v_rms": 32.626331145213435,
      "k_signal_rms": 103.43036958742093,
      "v_signal_rms": 37.402431758015446
    },
    "mag_v_20": {
      "n": 43,
      "accuracy": 0.9767441860465116,
      "text_accuracy": 0.9985644633996275,
      "clean_text_accuracy": 1.0,
      "accuracy_drop": 0.023255813953488413,
      "text_drop": 0.0014355366003725445,
      "dissociation": 0.02182027735311587,
      "wilson_ci_lo": 0.8794073213878312,
      "wilson_ci_hi": 0.9958830188225802,
      "k_rms": 0.0,
      "v_rms": 58.26407890620112,
      "k_signal_rms": 103.00315118751395,
      "v_signal_rms": 37.892292792095
    },
    "mag_v_30": {
      "n": 43,
      "accuracy": 0.9069767441860465,
      "text_accuracy": 0.9973361634291114,
      "clean_text_accuracy": 1.0,
      "accuracy_drop": 0.09302325581395354,
      "text_drop": 0.0026638365708886447,
      "dissociation": 0.0903594192430649,
      "wilson_ci_lo": 0.7839701160146731,
      "wilson_ci_hi": 0.9632289548966535,
      "k_rms": 0.0,
      "v_rms": 84.92985455751354,
      "k_signal_rms": 102.40915420816523,
      "v_signal_rms": 38.21719668607473
    },
    "mag_v_50": {
      "n": 43,
      "accuracy": 0.6511627906976745,
      "text_accuracy": 0.9942141168871923,
      "clean_text_accuracy": 1.0,
      "accuracy_drop": 0.34883720930232553,
      "text_drop": 0.005785883112807699,
      "dissociation": 0.34305132618951784,
      "wilson_ci_lo": 0.501715070970981,
      "wilson_ci_hi": 0.775816012510369,
      "k_rms": 0.0,
      "v_rms": 143.93422298599208,
      "k_signal_rms": 102.36989547996082,
      "v_signal_rms": 39.7689465807147
    },
    "mag_v_100": {
      "n": 43,
      "accuracy": 0.13953488372093023,
      "text_accuracy": 0.9850825273122756,
      "clean_text_accuracy": 1.0,
      "accuracy_drop": 0.8604651162790697,
      "text_drop": 0.014917472687724365,
      "dissociation": 0.8455476435913454,
      "wilson_ci_lo": 0.06555634267713947,
      "wilson_ci_hi": 0.27263876594425684,
      "k_rms": 0.0,
      "v_rms": 299.78847874228927,
      "k_signal_rms": 100.84706116563034,
      "v_signal_rms": 42.318672463764614
    },
    "mag_kv_10": {
      "n": 43,
      "accuracy": 0.46511627906976744,
      "text_accuracy": 0.9935399260475889,
      "clean_text_accuracy": 1.0,
      "accuracy_drop": 0.5348837209302326,
      "text_drop": 0.006460073952411105,
      "dissociation": 0.5284236469778215,
      "wilson_ci_lo": 0.3251082626391856,
      "wilson_ci_hi": 0.6108461027112722,
      "k_rms": 87.86562049461135,
      "v_rms": 33.80052769838753,
      "k_signal_rms": 101.1469526778815,
      "v_signal_rms": 38.95823587539194
    },
    "mag_kv_20": {
      "n": 43,
      "accuracy": 0.046511627906976744,
      "text_accuracy": 0.984065946675766,
      "clean_text_accuracy": 1.0,
      "accuracy_drop": 0.9534883720930233,
      "text_drop": 0.015934053324234032,
      "dissociation": 0.9375543187687893,
      "wilson_ci_lo": 0.01284899031731969,
      "wilson_ci_hi": 0.15455775923863058,
      "k_rms": 152.07347048121753,
      "v_rms": 67.00063598951115,
      "k_signal_rms": 98.90521699343958,
      "v_signal_rms": 43.45705395612227
    }
  },
  "elapsed_seconds": 1505.8807606697083
}