{
  "model": "Qwen/Qwen3-4B-Base",
  "n_problems": 20,
  "n_layers": 36,
  "n_kv_heads": 8,
  "analysis": {
    "head_summary": {
      "H0": {
        "group": "answer",
        "K_eff_rank_mean": 70.20053168137868,
        "K_eff_rank_std": 12.998730217509278,
        "K_top1_mean": 0.6570122950192955,
        "K_top1_std": 0.1536184271473425,
        "K_gap_mean": 5.053917358981239,
        "K_gap_std": 3.7070411274041026,
        "V_eff_rank_mean": 95.38823513454861,
        "V_eff_rank_std": 9.62254434590883,
        "V_top1_mean": 0.16528714677939813,
        "V_top1_std": 0.07857642932940359,
        "V_gap_mean": 1.4175333339307044,
        "V_gap_std": 0.32384475684927977,
        "n_observations": 720
      },
      "H1": {
        "group": "dispensable",
        "K_eff_rank_mean": 72.31035956872834,
        "K_eff_rank_std": 14.712073663745372,
        "K_top1_mean": 0.5915719779001342,
        "K_top1_std": 0.17148800750755178,
        "K_gap_mean": 4.701080498099327,
        "K_gap_std": 5.953474723133356,
        "V_eff_rank_mean": 94.85255784988404,
        "V_eff_rank_std": 9.803397912069334,
        "V_top1_mean": 0.17304522320110766,
        "V_top1_std": 0.10155442055522351,
        "V_gap_mean": 1.452218846976757,
        "V_gap_std": 0.4398476594934825,
        "n_observations": 720
      },
      "H2": {
        "group": "dispensable",
        "K_eff_rank_mean": 70.25410696400536,
        "K_eff_rank_std": 15.07109362663791,
        "K_top1_mean": 0.6005660514450736,
        "K_top1_std": 0.17666107679450624,
        "K_gap_mean": 4.64991073542171,
        "K_gap_std": 5.352334145712452,
        "V_eff_rank_mean": 95.50537575615778,
        "V_eff_rank_std": 8.66686688121002,
        "V_top1_mean": 0.1666682491803335,
        "V_top1_std": 0.05868084084423861,
        "V_gap_mean": 1.4228681453400187,
        "V_gap_std": 0.23895299745290965,
        "n_observations": 720
      },
      "H3": {
        "group": "dispensable",
        "K_eff_rank_mean": 69.85669202804566,
        "K_eff_rank_std": 12.507429634003786,
        "K_top1_mean": 0.6234263103869226,
        "K_top1_std": 0.18233878845420826,
        "K_gap_mean": 5.02050575994783,
        "K_gap_std": 4.600177803219894,
        "V_eff_rank_mean": 95.10149321556091,
        "V_eff_rank_std": 8.673381600116995,
        "V_top1_mean": 0.16061272432820664,
        "V_top1_std": 0.065436976772278,
        "V_gap_mean": 1.4062789236505826,
        "V_gap_std": 0.23864255267418952,
        "n_observations": 720
      },
      "H4": {
        "group": "dispensable",
        "K_eff_rank_mean": 70.53557750913832,
        "K_eff_rank_std": 13.91175642357478,
        "K_top1_mean": 0.6363890157805548,
        "K_top1_std": 0.1711406016264953,
        "K_gap_mean": 4.954889750149515,
        "K_gap_std": 5.4470563395474905,
        "V_eff_rank_mean": 94.66907164785597,
        "V_eff_rank_std": 9.743907035196411,
        "V_top1_mean": 0.18274123132642772,
        "V_top1_std": 0.08875675356128963,
        "V_gap_mean": 1.468561302456591,
        "V_gap_std": 0.31681024965187066,
        "n_observations": 720
      },
      "H5": {
        "group": "answer",
        "K_eff_rank_mean": 71.8909906440311,
        "K_eff_rank_std": 12.9763662712204,
        "K_top1_mean": 0.6019152861502436,
        "K_top1_std": 0.17334796742269662,
        "K_gap_mean": 4.4937154051330355,
        "K_gap_std": 3.7343751933747975,
        "V_eff_rank_mean": 97.19508721033732,
        "V_eff_rank_std": 8.918895339476606,
        "V_top1_mean": 0.155225131722788,
        "V_top1_std": 0.08515377763262917,
        "V_gap_mean": 1.4544396301110585,
        "V_gap_std": 0.34968478540200015,
        "n_observations": 720
      },
      "H6": {
        "group": "dispensable",
        "K_eff_rank_mean": 71.29920950465733,
        "K_eff_rank_std": 15.1993516466061,
        "K_top1_mean": 0.6191939322070943,
        "K_top1_std": 0.18375570311514985,
        "K_gap_mean": 4.973950859904289,
        "K_gap_std": 4.761147454725947,
        "V_eff_rank_mean": 95.5921456442939,
        "V_eff_rank_std": 9.35708107972189,
        "V_top1_mean": 0.17347073322162032,
        "V_top1_std": 0.07186436604467915,
        "V_gap_mean": 1.4567774393492274,
        "V_gap_std": 0.2759051049310583,
        "n_observations": 720
      },
      "H7": {
        "group": "dispensable",
        "K_eff_rank_mean": 70.9369593348768,
        "K_eff_rank_std": 14.115697034458686,
        "K_top1_mean": 0.5920902291105853,
        "K_top1_std": 0.19706712069116697,
        "K_gap_mean": 4.871052051252789,
        "K_gap_std": 5.374131358998103,
        "V_eff_rank_mean": 95.27113073137072,
        "V_eff_rank_std": 9.130102128280061,
        "V_top1_mean": 0.1768935511716538,
        "V_top1_std": 0.07595361732101082,
        "V_gap_mean": 1.4695917753709686,
        "V_gap_std": 0.31068406361279366,
        "n_observations": 720
      }
    },
    "group_summary": {
      "answer_K_eff_rank": 71.04576116270489,
      "dispensable_K_eff_rank": 70.8654841515753,
      "answer_K_top1": 0.6294637905847695,
      "dispensable_K_top1": 0.6105395861383941,
      "answer_K_gap": 4.773816382057137,
      "dispensable_K_gap": 4.86189827579591,
      "answer_V_eff_rank": 96.29166117244296,
      "dispensable_V_eff_rank": 95.16529580752056,
      "answer_V_top1": 0.16025613925109305,
      "dispensable_V_top1": 0.1722386187382249,
      "K_eff_rank_ratio_ans_disp": 1.0025439325404732,
      "K_top1_ratio_ans_disp": 1.0309958680420204,
      "V_eff_rank_ratio_ans_disp": 1.0118358836103505
    },
    "stat_tests": {
      "K_eff_rank": {
        "statistic": 133728.0,
        "p_value": 0.7602660721920644,
        "alternative": "less",
        "n_pairs": 720,
        "answer_mean": 71.04576116270489,
        "dispensable_mean": 70.8654841515753,
        "diff_mean": 0.1802770111295912,
        "diff_std": 4.112891966875313
      },
      "K_top1": {
        "statistic": 168458.0,
        "p_value": 2.135150194757003e-12,
        "alternative": "greater",
        "n_pairs": 720,
        "answer_mean": 0.6294637905847695,
        "dispensable_mean": 0.6105395861383941,
        "diff_mean": 0.01892420444637537,
        "diff_std": 0.07344413869333997
      },
      "V_eff_rank": {
        "statistic": 66575.0,
        "p_value": 1.0309068279222086e-29,
        "alternative": "two-sided",
        "n_pairs": 720,
        "answer_mean": 96.29166117244297,
        "dispensable_mean": 95.16529580752055,
        "diff_mean": 1.1263653649224177,
        "diff_std": 2.4437947502026143
      },
      "V_top1": {
        "statistic": 85703.0,
        "p_value": 2.9033033982915705e-15,
        "alternative": "two-sided",
        "n_pairs": 720,
        "answer_mean": 0.16025613925109308,
        "dispensable_mean": 0.17223861873822494,
        "diff_mean": -0.011982479487131867,
        "diff_std": 0.04729535797860387
      }
    },
    "layer_comparison": {
      "0": {
        "ans_K_eff_mean": 14.672100687026978,
        "disp_K_eff_mean": 10.450295162200927,
        "ans_K_top1_mean": 0.9872093468904495,
        "disp_K_top1_mean": 0.9941955104470253,
        "ans_V_eff_mean": 56.00190887451172,
        "disp_V_eff_mean": 59.952308336893715
      },
      "1": {
        "ans_K_eff_mean": 58.75649614334107,
        "disp_K_eff_mean": 54.60655123392741,
        "ans_K_top1_mean": 0.8735098570585251,
        "disp_K_top1_mean": 0.8613966440161069,
        "ans_V_eff_mean": 88.55724201202392,
        "disp_V_eff_mean": 81.78639780680338
      },
      "2": {
        "ans_K_eff_mean": 75.52685890197753,
        "disp_K_eff_mean": 74.4695772488912,
        "ans_K_top1_mean": 0.6981704577803611,
        "disp_K_top1_mean": 0.622321005910635,
        "ans_V_eff_mean": 90.4631212234497,
        "disp_V_eff_mean": 90.14369767506918
      },
      "3": {
        "ans_K_eff_mean": 69.10459909439086,
        "disp_K_eff_mean": 81.72113704681396,