{
  "model": "meta-llama/Llama-3.1-8B-Instruct",
  "n_problems": 20,
  "n_layers": 32,
  "n_kv_heads": 8,
  "analysis": {
    "head_summary": {
      "H0": {
        "group": "answer",
        "K_eff_rank_mean": 78.49059745669365,
        "K_eff_rank_std": 4.6706870376243845,
        "K_top1_mean": 0.5685498416889458,
        "K_top1_std": 0.047207518713127096,
        "K_gap_mean": 3.476082105562091,
        "K_gap_std": 0.4994139018993628,
        "V_eff_rank_mean": 93.83270890712738,
        "V_eff_rank_std": 9.632001530819856,
        "V_top1_mean": 0.15891136603895575,
        "V_top1_std": 0.05949728962141928,
        "V_gap_mean": 1.438347733207047,
        "V_gap_std": 0.2835569638168593,
        "n_observations": 640
      },
      "H1": {
        "group": "dispensable",
        "K_eff_rank_mean": 77.01346269249916,
        "K_eff_rank_std": 5.501150197888715,
        "K_top1_mean": 0.5804508765693754,
        "K_top1_std": 0.06201985332388275,
        "K_gap_mean": 3.6731816310435534,
        "K_gap_std": 0.6935521155112814,
        "V_eff_rank_mean": 92.70902889966965,
        "V_eff_rank_std": 10.034573580780558,
        "V_top1_mean": 0.17793964280281216,
        "V_top1_std": 0.07170724456840744,
        "V_gap_mean": 1.502318811789155,
        "V_gap_std": 0.3485484286794766,
        "n_observations": 640
      },
      "H2": {
        "group": "dispensable",
        "K_eff_rank_mean": 77.3004988372326,
        "K_eff_rank_std": 6.031840813036133,
        "K_top1_mean": 0.5861236806958914,
        "K_top1_std": 0.047747494791211285,
        "K_gap_mean": 3.7774367585778235,
        "K_gap_std": 0.6906087057774384,
        "V_eff_rank_mean": 91.74890471696854,
        "V_eff_rank_std": 9.599113707820058,
        "V_top1_mean": 0.19052547375904397,
        "V_top1_std": 0.06486359864355279,
        "V_gap_mean": 1.4764190277084708,
        "V_gap_std": 0.2787607316223816,
        "n_observations": 640
      },
      "H3": {
        "group": "dispensable",
        "K_eff_rank_mean": 76.00560361146927,
        "K_eff_rank_std": 5.491031147151503,
        "K_top1_mean": 0.5808306954801082,
        "K_top1_std": 0.03926927995575852,
        "K_gap_mean": 3.502613616734743,
        "K_gap_std": 0.5854427636484151,
        "V_eff_rank_mean": 90.98875195980072,
        "V_eff_rank_std": 9.68110107679137,
        "V_top1_mean": 0.18601346686482428,
        "V_top1_std": 0.12323939974641047,
        "V_gap_mean": 1.488203369267285,
        "V_gap_std": 0.5326416067288147,
        "n_observations": 640
      },
      "H4": {
        "group": "dispensable",
        "K_eff_rank_mean": 77.2611102104187,
        "K_eff_rank_std": 6.294984922525789,
        "K_top1_mean": 0.5808904903009534,
        "K_top1_std": 0.037999197294508895,
        "K_gap_mean": 3.595016339421272,
        "K_gap_std": 0.54960201002278,
        "V_eff_rank_mean": 92.44055805802346,
        "V_eff_rank_std": 8.936618916979741,
        "V_top1_mean": 0.18162018224829807,
        "V_top1_std": 0.07281280219666231,
        "V_gap_mean": 1.5068581162020565,
        "V_gap_std": 0.35688994455335443,
        "n_observations": 640
      },
      "H5": {
        "group": "answer",
        "K_eff_rank_mean": 76.51909329295158,
        "K_eff_rank_std": 6.132741109101215,
        "K_top1_mean": 0.5782739537768066,
        "K_top1_std": 0.04688156053673864,
        "K_gap_mean": 3.4145630402490497,
        "K_gap_std": 0.5322877299580516,
        "V_eff_rank_mean": 92.37416794896126,
        "V_eff_rank_std": 9.63226320476304,
        "V_top1_mean": 0.16076845176285132,
        "V_top1_std": 0.08048430669245395,
        "V_gap_mean": 1.420007503964007,
        "V_gap_std": 0.40038535530120345,
        "n_observations": 640
      },
      "H6": {
        "group": "dispensable",
        "K_eff_rank_mean": 77.04795840382576,
        "K_eff_rank_std": 6.137612001459458,
        "K_top1_mean": 0.5826925565954297,
        "K_top1_std": 0.05446434241052914,
        "K_gap_mean": 3.679127423837781,
        "K_gap_std": 0.7652767402295315,
        "V_eff_rank_mean": 91.8671332538128,
        "V_eff_rank_std": 10.391643916310208,
        "V_top1_mean": 0.18711565990233794,
        "V_top1_std": 0.09955059291877225,
        "V_gap_mean": 1.5142105035483837,
        "V_gap_std": 0.5341275977099199,
        "n_observations": 640
      },
      "H7": {
        "group": "dispensable",
        "K_eff_rank_mean": 78.28976536989212,
        "K_eff_rank_std": 5.499448408445505,
        "K_top1_mean": 0.5622883741278202,
        "K_top1_std": 0.06249117957797895,
        "K_gap_mean": 3.5940113607794046,
        "K_gap_std": 0.7717242972294222,
        "V_eff_rank_mean": 91.87528655529022,
        "V_eff_rank_std": 10.139161492832867,
        "V_top1_mean": 0.18821726789465174,
        "V_top1_std": 0.09285061161044225,
        "V_gap_mean": 1.5136667078360915,
        "V_gap_std": 0.38387183927971147,
        "n_observations": 640
      }
    },
    "group_summary": {
      "answer_K_eff_rank": 77.50484537482262,
      "dispensable_K_eff_rank": 77.1530665208896,
      "answer_K_top1": 0.5734118977328762,
      "dispensable_K_top1": 0.578879445628263,
      "answer_K_gap": 3.44532257290557,
      "dispensable_K_gap": 3.6368978550657634,
      "answer_V_eff_rank": 93.10343842804431,
      "dispensable_V_eff_rank": 91.93827724059423,
      "answer_V_top1": 0.15983990890090355,
      "dispensable_V_top1": 0.18523861557866136,
      "K_eff_rank_ratio_ans_disp": 1.0045594928341284,
      "K_top1_ratio_ans_disp": 0.990554945530234,
      "V_eff_rank_ratio_ans_disp": 1.0126732980258153
    },
    "stat_tests": {
      "K_eff_rank": {
        "statistic": 109991.0,
        "p_value": 0.9438604756490423,
        "alternative": "less",
        "n_pairs": 640,
        "answer_mean": 77.50484537482262,
        "dispensable_mean": 77.1530665208896,
        "diff_mean": 0.35177885393301633,
        "diff_std": 2.984604017668576
      },
      "K_top1": {
        "statistic": 88205.0,
        "p_value": 0.9989214949956224,
        "alternative": "greater",
        "n_pairs": 640,
        "answer_mean": 0.5734118977328763,
        "dispensable_mean": 0.5788794456282631,
        "diff_mean": -0.0054675478953868165,
        "diff_std": 0.0354352968171701
      },
      "V_eff_rank": {
        "statistic": 67124.0,
        "p_value": 3.652516728228173e-14,
        "alternative": "two-sided",
        "n_pairs": 640,
        "answer_mean": 93.10343842804431,
        "dispensable_mean": 91.93827724059422,
        "diff_mean": 1.165161187450091,
        "diff_std": 3.104262863223914
      },
      "V_top1": {
        "statistic": 65974.0,
        "p_value": 5.342940528911189e-15,
        "alternative": "two-sided",
        "n_pairs": 640,
        "answer_mean": 0.15983990890090355,
        "dispensable_mean": 0.18523861557866136,
        "diff_mean": -0.025398706677757826,
        "diff_std": 0.06439161173133959
      }
    },
    "layer_comparison": {
      "0": {
        "ans_K_eff_mean": 58.710610961914064,
        "disp_K_eff_mean": 61.527059904734294,
        "ans_K_top1_mean": 0.5256866715848446,
        "disp_K_top1_mean": 0.5182166094581286,
        "ans_V_eff_mean": 54.93616743087769,
        "disp_V_eff_mean": 54.25535147984822
      },
      "1": {
        "ans_K_eff_mean": 69.86470241546631,
        "disp_K_eff_mean": 63.295309988657635,
        "ans_K_top1_mean": 0.49632134214043616,
        "disp_K_top1_mean": 0.5773165288070837,
        "ans_V_eff_mean": 71.91885967254639,
        "disp_V_eff_mean": 75.5861021677653
      },
      "2": {
        "ans_K_eff_mean": 74.49264564514161,
        "disp_K_eff_mean": 80.08842360178629,
        "ans_K_top1_mean": 0.5384592890739441,
        "disp_K_top1_mean": 0.6037963683406512,
        "ans_V_eff_mean": 81.05260257720947,
        "disp_V_eff_mean": 82.61427313486735
      },
      "3": {
        "ans_K_eff_mean": 71.97310466766358,