{
  "experiment": "exp_034_phi_position_kv",
  "model": "microsoft/Phi-3.5-mini-instruct",
  "num_layers": 32,
  "n_kv_heads": 32,
  "head_dim": 96,
  "n_valid": 60,
  "n_processed": 60,
  "n_skip_wrong": 18,
  "n_skip_trunc": 0,
  "conditions": [
    "dir_k_early",
    "dir_v_early",
    "dir_k_mid",
    "dir_v_mid",
    "dir_k_late",
    "dir_v_late"
  ],
  "aggregated": {
    "dir_k_early": {
      "n": 60,
      "accuracy": 0.016666666666666666,
      "text_accuracy": 0.19784952048307583,
      "clean_text_accuracy": 1.0,
      "accuracy_drop": 0.9833333333333333,
      "text_drop": 0.8021504795169242,
      "dissociation": 0.18118285381640908,
      "wilson_ci_lo": 0.002948083860873681,
      "wilson_ci_hi": 0.08855338226779479,
      "k_rms": 142.78275533522617,
      "v_rms": 0.0,
      "k_signal_rms": 100.96902545058558,
      "v_signal_rms": 37.89933797382931
    },
    "dir_v_early": {
      "n": 60,
      "accuracy": 1.0,
      "text_accuracy": 0.9320265718515824,
      "clean_text_accuracy": 1.0,
      "accuracy_drop": 0.0,
      "text_drop": 0.06797342814841756,
      "dissociation": -0.06797342814841756,
      "wilson_ci_lo": 0.939826069522067,
      "wilson_ci_hi": 0.9999999999999998,
      "k_rms": 0.0,
      "v_rms": 53.03206934354471,
      "k_signal_rms": 96.8448353201463,
      "v_signal_rms": 37.49498923378336
    },
    "dir_k_mid": {
      "n": 60,
      "accuracy": 0.016666666666666666,
      "text_accuracy": 0.6039029289784306,
      "clean_text_accuracy": 1.0,
      "accuracy_drop": 0.9833333333333333,
      "text_drop": 0.39609707102156944,
      "dissociation": 0.5872362623117638,
      "wilson_ci_lo": 0.002948083860873681,
      "wilson_ci_hi": 0.08855338226779479,
      "k_rms": 143.8720583299897,
      "v_rms": 0.0,
      "k_signal_rms": 101.7231372016566,
      "v_signal_rms": 38.87780300887598
    },
    "dir_v_mid": {
      "n": 60,
      "accuracy": 0.9833333333333333,
      "text_accuracy": 0.9544031930557275,
      "clean_text_accuracy": 1.0,
      "accuracy_drop": 0.01666666666666672,
      "text_drop": 0.04559680694427248,
      "dissociation": -0.028930140277605765,
      "wilson_ci_lo": 0.911446617732205,
      "wilson_ci_hi": 0.9970519161391264,
      "k_rms": 0.0,
      "v_rms": 54.15679951693355,
      "k_signal_rms": 98.2518518739733,
      "v_signal_rms": 38.29561920628195
    },
    "dir_k_late": {
      "n": 60,
      "accuracy": 0.11666666666666667,
      "text_accuracy": 0.990140804333327,
      "clean_text_accuracy": 1.0,
      "accuracy_drop": 0.8833333333333333,
      "text_drop": 0.009859195666673037,
      "dissociation": 0.8734741376666603,
      "wilson_ci_lo": 0.057676474034500484,
      "wilson_ci_hi": 0.2217902059985814,
      "k_rms": 141.56858053755056,
      "v_rms": 0.0,
      "k_signal_rms": 100.10334180679256,
      "v_signal_rms": 38.08888231996901
    },
    "dir_v_late": {
      "n": 60,
      "accuracy": 0.8166666666666667,
      "text_accuracy": 0.9899028068763925,
      "clean_text_accuracy": 1.0,
      "accuracy_drop": 0.18333333333333335,
      "text_drop": 0.010097193123607462,
      "dissociation": 0.1732361402097259,
      "wilson_ci_lo": 0.7008000677353371,
      "wilson_ci_hi": 0.8944231096286387,
      "k_rms": 0.0,
      "v_rms": 53.067889290759226,
      "k_signal_rms": 97.93871551391125,
      "v_signal_rms": 37.52399500921406
    }
  },
  "elapsed_seconds": 1520.83886384964
}