{
  "experiment": "exp_027_snr_controlled_kv",
  "model": "meta-llama/Llama-3.1-8B-Instruct",
  "n_valid": 51,
  "n_processed": 51,
  "n_skip_wrong": 14,
  "n_skip_trunc": 0,
  "conditions": [
    "k_snr10",
    "v_snr10",
    "k_snr5",
    "v_snr5",
    "k_snr0",
    "v_snr0",
    "k_snrn3",
    "v_snrn3",
    "k_snrn6",
    "v_snrn6",
    "dir_k",
    "dir_v"
  ],
  "snr_levels_db": [
    10,
    5,
    0,
    -3,
    -6
  ],
  "aggregated": {
    "k_snr10": {
      "n": 51,
      "n_correct": 51,
      "accuracy": 1.0,
      "text_accuracy": 0.9993192473636779,
      "clean_text_accuracy": 1.0,
      "accuracy_drop": 0.0,
      "text_drop": 0.0006807526363220573,
      "dissociation": -0.0006807526363220573,
      "mean_k_rms": 21.931485903179674,
      "mean_v_rms": 0.0,
      "mean_k_signal_rms": 69.31809740773582,
      "mean_v_signal_rms": 0.0
    },
    "v_snr10": {
      "n": 51,
      "n_correct": 51,
      "accuracy": 1.0,
      "text_accuracy": 0.9998132586367879,
      "clean_text_accuracy": 1.0,
      "accuracy_drop": 0.0,
      "text_drop": 0.0001867413632120618,
      "dissociation": -0.0001867413632120618,
      "mean_k_rms": 0.0,
      "mean_v_rms": 3.2006764921722146,
      "mean_k_signal_rms": 0.0,
      "mean_v_signal_rms": 10.122181796384709
    },
    "k_snr5": {
      "n": 51,
      "n_correct": 51,
      "accuracy": 1.0,
      "text_accuracy": 0.9986239700377946,
      "clean_text_accuracy": 1.0,
      "accuracy_drop": 0.0,
      "text_drop": 0.0013760299622054273,
      "dissociation": -0.0013760299622054273,
      "mean_k_rms": 38.801365557776094,
      "mean_v_rms": 0.0,
      "mean_k_signal_rms": 69.00062526029559,
      "mean_v_signal_rms": 0.0
    },
    "v_snr5": {
      "n": 51,
      "n_correct": 51,
      "accuracy": 1.0,
      "text_accuracy": 0.9997029114676174,
      "clean_text_accuracy": 1.0,
      "accuracy_drop": 0.0,
      "text_drop": 0.0002970885323826389,
      "dissociation": -0.0002970885323826389,
      "mean_k_rms": 0.0,
      "mean_v_rms": 5.693770060318007,
      "mean_k_signal_rms": 0.0,
      "mean_v_signal_rms": 10.12363072446157
    },
    "k_snr0": {
      "n": 51,
      "n_correct": 46,
      "accuracy": 0.9019607843137255,
      "text_accuracy": 0.997718733319286,
      "clean_text_accuracy": 1.0,
      "accuracy_drop": 0.0980392156862745,
      "text_drop": 0.0022812666807140447,
      "dissociation": 0.09575794900556045,
      "mean_k_rms": 67.55478412864474,
      "mean_v_rms": 0.0,
      "mean_k_signal_rms": 67.56602284812406,
      "mean_v_signal_rms": 0.0
    },
    "v_snr0": {
      "n": 51,
      "n_correct": 51,
      "accuracy": 1.0,
      "text_accuracy": 0.9992553471336936,
      "clean_text_accuracy": 1.0,
      "accuracy_drop": 0.0,
      "text_drop": 0.0007446528663064278,
      "dissociation": -0.0007446528663064278,
      "mean_k_rms": 0.0,
      "mean_v_rms": 10.1389223829617,
      "mean_k_signal_rms": 0.0,
      "mean_v_signal_rms": 10.137812511519455
    },
    "k_snrn3": {
      "n": 51,
      "n_correct": 33,
      "accuracy": 0.6470588235294118,
      "text_accuracy": 0.9945626372989987,
      "clean_text_accuracy": 1.0,
      "accuracy_drop": 0.3529411764705882,
      "text_drop": 0.005437362701001258,
      "dissociation": 0.34750381376958694,
      "mean_k_rms": 94.02161590314509,
      "mean_v_rms": 0.0,
      "mean_k_signal_rms": 66.46725606473797,
      "mean_v_signal_rms": 0.0
    },
    "v_snrn3": {
      "n": 51,
      "n_correct": 51,
      "accuracy": 1.0,
      "text_accuracy": 0.9991425372480736,
      "clean_text_accuracy": 1.0,
      "accuracy_drop": 0.0,
      "text_drop": 0.0008574627519264411,
      "dissociation": -0.0008574627519264411,
      "mean_k_rms": 0.0,
      "mean_v_rms": 14.351128810817567,
      "mean_k_signal_rms": 0.0,
      "mean_v_signal_rms": 10.158508858598893
    },
    "k_snrn6": {
      "n": 51,
      "n_correct": 17,
      "accuracy": 0.3333333333333333,
      "text_accuracy": 0.9905644387483877,
      "clean_text_accuracy": 1.0,
      "accuracy_drop": 0.6666666666666667,
      "text_drop": 0.009435561251612268,
      "dissociation": 0.6572311054150545,
      "mean_k_rms": 130.05535251286895,
      "mean_v_rms": 0.0,
      "mean_k_signal_rms": 65.21617517809673,
      "mean_v_signal_rms": 0.0
    },
    "v_snrn6": {
      "n": 51,
      "n_correct": 49,
      "accuracy": 0.9607843137254902,
      "text_accuracy": 0.9986773469300086,
      "clean_text_accuracy": 1.0,
      "accuracy_drop": 0.039215686274509776,
      "text_drop": 0.001322653069991353,
      "dissociation": 0.03789303320451842,
      "mean_k_rms": 0.0,
      "mean_v_rms": 20.404927409562738,
      "mean_k_signal_rms": 0.0,
      "mean_v_signal_rms": 10.229402555595245
    },
    "dir_k": {
      "n": 51,
      "n_correct": 16,
      "accuracy": 0.3137254901960784,
      "text_accuracy": 0.9910230900382883,
      "clean_text_accuracy": 1.0,
      "accuracy_drop": 0.6862745098039216,
      "text_drop": 0.008976909961711743,
      "dissociation": 0.6772975998422098,
      "mean_k_rms": 95.1908899670471,
      "mean_v_rms": 0.0,
      "mean_k_signal_rms": 67.29488061687846,
      "mean_v_signal_rms": 0.0
    },
    "dir_v": {
      "n": 51,
      "n_correct": 46,
      "accuracy": 0.9019607843137255,
      "text_accuracy": 0.9921245767678528,
      "clean_text_accuracy": 1.0,
      "accuracy_drop": 0.0980392156862745,
      "text_drop": 0.007875423232147183,
      "dissociation": 0.09016379245412731,
      "mean_k_rms": 0.0,
      "mean_v_rms": 14.793073355654522,
      "mean_k_signal_rms": 0.0,
      "mean_v_signal_rms": 10.457623422445081
    }
  },
  "elapsed_seconds": 1506.2539706230164
}