{
  "experiment": "exp_007_llama_snr_cliff",
  "model": "meta-llama/Llama-3.1-8B-Instruct",
  "num_valid": 21,
  "num_evaluated": 21,
  "snr_levels_db": [
    0,
    5,
    8,
    10,
    12,
    13,
    14,
    15,
    16,
    17,
    18,
    19,
    20,
    22,
    25,
    Infinity
  ],
  "lookback_tokens": 20,
  "results": {
    "snr_0": {
      "answer_accuracy": 0.0,
      "answer_correct": 0,
      "answer_total": 21,
      "token_accuracy_mean": 0.15538847117794485,
      "token_accuracy_std": 0.08513928697475202,
      "token_accuracies": [
        0.10526315789473684,
        0.15789473684210525,
        0.10526315789473684,
        0.05263157894736842,
        0.10526315789473684,
        0.2631578947368421,
        0.21052631578947367,
        0.15789473684210525,
        0.15789473684210525,
        0.05263157894736842,
        0.3684210526315789,
        0.15789473684210525,
        0.15789473684210525,
        0.10526315789473684,
        0.2631578947368421,
        0.2631578947368421,
        0.0,
        0.15789473684210525,
        0.21052631578947367,
        0.15789473684210525,
        0.05263157894736842
      ]
    },
    "snr_5": {
      "answer_accuracy": 1.0,
      "answer_correct": 21,
      "answer_total": 21,
      "token_accuracy_mean": 0.9147869674185465,
      "token_accuracy_std": 0.06179863662124288,
      "token_accuracies": [
        0.9473684210526315,
        0.8947368421052632,
        1.0,
        0.8947368421052632,
        0.8947368421052632,
        0.8947368421052632,
        0.9473684210526315,
        1.0,
        0.8947368421052632,
        1.0,
        1.0,
        1.0,
        0.8421052631578947,
        0.9473684210526315,
        0.9473684210526315,
        0.8421052631578947,
        0.8947368421052632,
        0.8421052631578947,
        0.8421052631578947,
        0.8947368421052632,
        0.7894736842105263
      ]
    },
    "snr_8": {
      "answer_accuracy": 1.0,
      "answer_correct": 21,
      "answer_total": 21,
      "token_accuracy_mean": 0.9774436090225564,
      "token_accuracy_std": 0.03472783574072938,
      "token_accuracies": [
        0.9473684210526315,
        1.0,
        1.0,
        1.0,
        0.9473684210526315,
        1.0,
        0.9473684210526315,
        1.0,
        1.0,
        1.0,
        1.0,
        0.9473684210526315,
        1.0,
        1.0,
        1.0,
        1.0,
        1.0,
        0.8947368421052632,
        0.9473684210526315,
        1.0,
        0.8947368421052632
      ]
    },
    "snr_10": {
      "answer_accuracy": 1.0,
      "answer_correct": 21,
      "answer_total": 21,
      "token_accuracy_mean": 0.9824561403508772,
      "token_accuracy_std": 0.0408759559656644,
      "token_accuracies": [
        1.0,
        1.0,
        1.0,
        1.0,
        0.9473684210526315,
        1.0,
        1.0,
        1.0,
        1.0,
        1.0,
        1.0,
        1.0,
        1.0,
        1.0,
        1.0,
        0.8421052631578947,
        1.0,
        0.8947368421052632,
        0.9473684210526315,
        1.0,
        1.0
      ]
    },
    "snr_12": {
      "answer_accuracy": 1.0,
      "answer_correct": 21,
      "answer_total": 21,
      "token_accuracy_mean": 0.9899749373433581,
      "token_accuracy_std": 0.020667196118384284,
      "token_accuracies": [
        1.0,
        0.9473684210526315,
        1.0,
        1.0,
        1.0,
        1.0,
        1.0,
        1.0,
        1.0,
        1.0,
        1.0,
        1.0,
        1.0,
        1.0,
        1.0,
        1.0,
        1.0,
        0.9473684210526315,
        0.9473684210526315,
        1.0,
        0.9473684210526315
      ]
    },
    "snr_13": {
      "answer_accuracy": 1.0,
      "answer_correct": 21,
      "answer_total": 21,
      "token_accuracy_mean": 0.9849624060150375,
      "token_accuracy_std": 0.028794800233273337,
      "token_accuracies": [
        1.0,
        1.0,
        1.0,
        1.0,
        0.9473684210526315,
        1.0,
        1.0,
        0.9473684210526315,
        1.0,
        1.0,
        1.0,
        1.0,
        1.0,
        1.0,
        1.0,
        0.8947368421052632,
        1.0,
        0.9473684210526315,
        0.9473684210526315,
        1.0,
        1.0
      ]
    },
    "snr_14": {
      "answer_accuracy": 1.0,
      "answer_correct": 21,
      "answer_total": 21,
      "token_accuracy_mean": 0.9874686716791979,
      "token_accuracy_std": 0.0320958608392624,
      "token_accuracies": [
        0.8947368421052632,
        1.0,
        1.0,
        1.0,
        1.0,
        1.0,
        1.0,
        1.0,
        1.0,
        1.0,
        1.0,
        1.0,
        1.0,
        1.0,
        1.0,
        0.8947368421052632,
        1.0,
        1.0,
        0.9473684210526315,
        1.0,
        1.0
      ]
    },
    "snr_15": {
      "answer_accuracy": 1.0,
      "answer_correct": 21,
      "answer_total": 21,
      "token_accuracy_mean": 1.0,
      "token_accuracy_std": 0.0,
      "token_accuracies": [
        1.0,
        1.0,
        1.0,
        1.0,
        1.0,
        1.0,
        1.0,
        1.0,
        1.0,
        1.0,
        1.0,
        1.0,
        1.0,
        1.0,
        1.0,
        1.0,
        1.0,
        1.0,
        1.0,
        1.0,
        1.0
      ]
    },
    "snr_16": {
      "answer_accuracy": 1.0,
      "answer_correct": 21,
      "answer_total": 21,
      "token_accuracy_mean": 0.9874686716791978,
      "token_accuracy_std": 0.027682609065632243,
      "token_accuracies": [
        1.0,
        1.0,
        1.0,
        1.0,
        1.0,
        1.0,
        1.0,
        1.0,
        1.0,
        1.0,
        1.0,
        1.0,
        1.0,
        1.0,
        1.0,
        0.8947368421052632,
        1.0,
        0.9473684210526315,
        0.9473684210526315,
        1.0,
        0.9473684210526315
      ]
    },
    "snr_17": {
      "answer_accuracy": 1.0,
      "answer_correct": 21,
      "answer_total": 21,
      "token_accuracy_mean": 0.9924812030075187,
      "token_accuracy_std": 0.018417216111151734,
      "token_accuracies": [
        1.0,
        1.0,
        1.0,
        1.0,
        1.0,
        1.0,
        1.0,
        1.0,
        1.0,
        1.0,
        1.0,
        1.0,
        1.0,
        1.0,
        1.0,
        0.9473684210526315,
        0.9473684210526315,
        1.0,
        0.9473684210526315,
        1.0,
        1.0
      ]
    },
    "snr_18": {
      "answer_accuracy": 1.0,
      "answer_correct": 21,
      "answer_total": 21,
      "token_accuracy_mean": 0.9924812030075187,
      "token_accuracy_std": 0.02455628814820229,
      "token_accuracies": [
        1.0,
        1.0,
        1.0,
        1.0,
        1.0,
        1.0,
        1.0,
        1.0,
        1.0,
        1.0,
        1.0,
        1.0,
        1.0,
        1.0,
        1.0,
        0.8947368421052632,
        0.9473684210526315,
        1.0,
        1.0,
        1.0,
        1.0
      ]
    },
    "snr_19": {
      "answer_accuracy": 1.0,
      "answer_correct": 21,
      "answer_total": 21,
      "token_accuracy_mean": 0.9924812030075187,
      "token_accuracy_std": 0.02455628814820229,
      "token_accuracies": [
        1.0,
        1.0,
        1.0,
        1.0,
        1.0,
        1.0,
        1.0,
        1.0,
        1.0,
        1.0,
        1.0,
        1.0,
        1.0,
        1.0,
        1.0,
        0.8947368421052632,
        1.0,
        0.9473684210526315,
        1.0,
        1.0,
        1.0
      ]
    },
    "snr_20": {
      "answer_accuracy": 1.0,
      "answer_correct": 21,
      "answer_total": 21,
      "token_accuracy_mean": 0.9949874686716791,
      "token_accuracy_std": 0.015449659155310734,