{
  "experiment": "exp_037_mistral_base_magnitude_dose",
  "model": "mistralai/Mistral-7B-v0.3",
  "num_layers": 32,
  "n_kv_heads": 8,
  "n_attn_heads": 32,
  "head_dim": 128,
  "architecture": "GQA",
  "n_valid": 47,
  "n_processed": 47,
  "n_skip_wrong": 74,
  "n_skip_trunc": 0,
  "conditions": [
    "mag_k_03",
    "mag_k_05",
    "mag_k_10",
    "mag_k_20",
    "mag_k_50",
    "mag_v_10",
    "mag_v_30",
    "mag_v_50",
    "mag_v_100",
    "mag_kv_10",
    "mag_kv_20"
  ],
  "aggregated": {
    "mag_k_03": {
      "n": 47,
      "accuracy": 1.0,
      "text_accuracy": 0.999838813668601,
      "clean_text_accuracy": 1.0,
      "accuracy_drop": 0.0,
      "text_drop": 0.0001611863313990547,
      "dissociation": -0.0001611863313990547,
      "wilson_ci_lo": 0.9244398288016114,
      "wilson_ci_hi": 1.0,
      "k_rms": 18.848922081912132,
      "v_rms": 0.0,
      "k_signal_rms": 63.214267834656205,
      "v_signal_rms": 14.88535262016534
    },
    "mag_k_05": {
      "n": 47,
      "accuracy": 1.0,
      "text_accuracy": 0.9996124669053597,
      "clean_text_accuracy": 1.0,
      "accuracy_drop": 0.0,
      "text_drop": 0.0003875330946403466,
      "dissociation": -0.0003875330946403466,
      "wilson_ci_lo": 0.9244398288016114,
      "wilson_ci_hi": 1.0,
      "k_rms": 30.876326686606635,
      "v_rms": 0.0,
      "k_signal_rms": 63.01726844394559,
      "v_signal_rms": 14.895114019064698
    },
    "mag_k_10": {
      "n": 47,
      "accuracy": 1.0,
      "text_accuracy": 0.998742029107344,
      "clean_text_accuracy": 1.0,
      "accuracy_drop": 0.0,
      "text_drop": 0.0012579708926560018,
      "dissociation": -0.0012579708926560018,
      "wilson_ci_lo": 0.9244398288016114,
      "wilson_ci_hi": 1.0,
      "k_rms": 54.10718129631071,
      "v_rms": 0.0,
      "k_signal_rms": 62.50475406105266,
      "v_signal_rms": 14.92748707658176
    },
    "mag_k_20": {
      "n": 47,
      "accuracy": 0.9574468085106383,
      "text_accuracy": 0.9988025724082555,
      "clean_text_accuracy": 1.0,
      "accuracy_drop": 0.04255319148936165,
      "text_drop": 0.00119742759174446,
      "dissociation": 0.04135576389761719,
      "wilson_ci_lo": 0.8575121280614056,
      "wilson_ci_hi": 0.9882519706294304,
      "k_rms": 95.15858425459803,
      "v_rms": 0.0,
      "k_signal_rms": 61.80671557027646,
      "v_signal_rms": 15.01464484044822
    },
    "mag_k_50": {
      "n": 47,
      "accuracy": 0.7659574468085106,
      "text_accuracy": 0.9976391048670729,
      "clean_text_accuracy": 1.0,
      "accuracy_drop": 0.23404255319148937,
      "text_drop": 0.0023608951329271433,
      "dissociation": 0.23168165805856222,
      "wilson_ci_lo": 0.6277546774315923,
      "wilson_ci_hi": 0.8639686357607541,
      "k_rms": 215.0609401967533,
      "v_rms": 0.0,
      "k_signal_rms": 60.572164860425104,
      "v_signal_rms": 15.140492101387052
    },
    "mag_v_10": {
      "n": 47,
      "accuracy": 1.0,
      "text_accuracy": 0.9993254475231946,
      "clean_text_accuracy": 1.0,
      "accuracy_drop": 0.0,
      "text_drop": 0.0006745524768053679,
      "dissociation": -0.0006745524768053679,
      "wilson_ci_lo": 0.9244398288016114,
      "wilson_ci_hi": 1.0,
      "k_rms": 0.0,
      "v_rms": 13.062501883096056,
      "k_signal_rms": 62.60981088704737,
      "v_signal_rms": 14.967515859654362
    },
    "mag_v_30": {
      "n": 47,
      "accuracy": 0.8936170212765957,
      "text_accuracy": 0.9974902425674994,
      "clean_text_accuracy": 1.0,
      "accuracy_drop": 0.1063829787234043,
      "text_drop": 0.0025097574325005922,
      "dissociation": 0.1038732212909037,
      "wilson_ci_lo": 0.7740546030798721,
      "wilson_ci_hi": 0.9536959004448006,
      "k_rms": 0.0,
      "v_rms": 33.90273027242254,
      "k_signal_rms": 61.62488098847708,
      "v_signal_rms": 15.191374425388442
    },
    "mag_v_50": {
      "n": 47,
      "accuracy": 0.7872340425531915,
      "text_accuracy": 0.9947822232811296,
      "clean_text_accuracy": 1.0,
      "accuracy_drop": 0.21276595744680848,
      "text_drop": 0.005217776718870359,
      "dissociation": 0.20754818072793813,
      "wilson_ci_lo": 0.6509569794902074,
      "wilson_ci_hi": 0.8801041987575269,
      "k_rms": 0.0,
      "v_rms": 55.338780154781354,
      "k_signal_rms": 59.850677830913114,
      "v_signal_rms": 15.380144273705811
    },
    "mag_v_100": {
      "n": 47,
      "accuracy": 0.2978723404255319,
      "text_accuracy": 0.9891265699547995,
      "clean_text_accuracy": 1.0,
      "accuracy_drop": 0.7021276595744681,
      "text_drop": 0.010873430045200472,
      "dissociation": 0.6912542295292676,
      "wilson_ci_lo": 0.18651084151016264,
      "wilson_ci_hi": 0.439779440463654,
      "k_rms": 0.0,
      "v_rms": 110.64893829656631,
      "k_signal_rms": 57.092432546364144,
      "v_signal_rms": 15.73429861653422
    },
    "mag_kv_10": {
      "n": 47,
      "accuracy": 0.9148936170212766,
      "text_accuracy": 0.998315128992439,
      "clean_text_accuracy": 1.0,
      "accuracy_drop": 0.08510638297872342,
      "text_drop": 0.001684871007560984,
      "dissociation": 0.08342151197116243,
      "wilson_ci_lo": 0.8006819480497736,
      "wilson_ci_hi": 0.9664064205302869,
      "k_rms": 53.3746605063217,
      "v_rms": 13.188097710474983,
      "k_signal_rms": 61.36968529629817,
      "v_signal_rms": 15.100900699628971
    },
    "mag_kv_20": {
      "n": 47,
      "accuracy": 0.3404255319148936,
      "text_accuracy": 0.9936096793353664,
      "clean_text_accuracy": 1.0,
      "accuracy_drop": 0.6595744680851063,
      "text_drop": 0.006390320664633631,
      "dissociation": 0.6531841474204727,
      "wilson_ci_lo": 0.2216726071376219,
      "wilson_ci_hi": 0.48329340494697026,
      "k_rms": 89.1918808330353,
      "v_rms": 23.687995110817152,
      "k_signal_rms": 58.32377290212248,
      "v_signal_rms": 15.440866989615065
    }
  },
  "elapsed_seconds": 1500.4069726467133
}