{
  "experiment": "exp_111_residual_stream_wrra",
  "model": "Qwen/Qwen3-4B-Base",
  "n_generated": 512,
  "n_correct": 442,
  "accuracy": 0.86328125,
  "n_total_ops": 2283,
  "n_errors": 28,
  "n_high_conf_errors": 17,
  "n_wrra": 24,
  "n_wrwa": 4,
  "n_correct_ops": 2255,
  "n_extracted": 2283,
  "n_wrra_extracted": 24,
  "n_wrwa_extracted": 4,
  "probe_results_correct": {
    "9": {
      "h_r": 0.954523975654467,
      "k_r": 0.9228400175327092,
      "v_r": 0.9417835536025477,
      "h_r_shuf": -0.025662552683291616,
      "k_r_shuf": -0.03288136948550982,
      "v_r_shuf": -0.03728346892642568
    },
    "18": {
      "h_r": 0.9368100767953262,
      "k_r": 0.8624201045627249,
      "v_r": 0.9088138995216565,
      "h_r_shuf": 0.014193279163245729,
      "k_r_shuf": -0.011435647622339324,
      "v_r_shuf": 0.0059766422051532936
    },
    "27": {
      "h_r": 0.971991633187475,
      "k_r": 0.9424328697190777,
      "v_r": 0.9656829066936465,
      "h_r_shuf": -0.043585658460018585,
      "k_r_shuf": -0.03387971780484427,
      "v_r_shuf": -0.050215595650931644
    },
    "35": {
      "h_r": 0.9721861316196578,
      "k_r": 0.9558131811399952,
      "v_r": 0.9606546070781616,
      "h_r_shuf": -0.004292075552940663,
      "k_r_shuf": 0.010194071434921922,
      "v_r_shuf": 0.0016125730952903606
    }
  },
  "wrra_results": {
    "9": {
      "h_align": 10,
      "k_align": 12,
      "v_align": 10,
      "n": 24,
      "h_rate": 0.4166666666666667,
      "k_rate": 0.5,
      "v_rate": 0.4166666666666667,
      "h_p": 0.8462718725204468,
      "k_p": 0.5805901288986206,
      "v_p": 0.8462718725204468,
      "hk_mcnemar_p": 0.5,
      "hv_mcnemar_p": 1.0,
      "kv_mcnemar_p": 0.625,
      "h_dist_correct": 1.8748692904738078,
      "h_dist_written": 1.7796317751162334,
      "k_dist_correct": 2.075463398920592,
      "k_dist_written": 2.0522853687370066,
      "v_dist_correct": 2.1102772442568383,
      "v_dist_written": 2.135381562123617,
      "hkv_align": 11,
      "hkv_rate": 0.4583333333333333,
      "hkv_p": 0.7293719053268433
    },
    "18": {
      "h_align": 10,
      "k_align": 14,
      "v_align": 11,
      "n": 24,
      "h_rate": 0.4166666666666667,
      "k_rate": 0.5833333333333334,
      "v_rate": 0.4583333333333333,
      "h_p": 0.8462718725204468,
      "k_p": 0.27062809467315674,
      "v_p": 0.7293719053268433,
      "hk_mcnemar_p": 0.2890625,
      "hv_mcnemar_p": 1.0,
      "kv_mcnemar_p": 0.453125,
      "h_dist_correct": 1.4958408000952763,
      "h_dist_written": 1.3454534247647454,
      "k_dist_correct": 1.4603720568218315,
      "k_dist_written": 1.8769250032191334,
      "v_dist_correct": 2.0744595496162725,
      "v_dist_written": 1.7557484958396534,
      "hkv_align": 11,
      "hkv_rate": 0.4583333333333333,
      "hkv_p": 0.7293719053268433
    },
    "27": {
      "h_align": 16,
      "k_align": 14,
      "v_align": 13,
      "n": 24,
      "h_rate": 0.6666666666666666,
      "k_rate": 0.5833333333333334,
      "v_rate": 0.5416666666666666,
      "h_p": 0.07579481601715088,
      "k_p": 0.27062809467315674,
      "v_p": 0.4194098711013794,
      "hk_mcnemar_p": 0.5,
      "hv_mcnemar_p": 0.25,
      "kv_mcnemar_p": 1.0,
      "h_dist_correct": 1.2684076620880937,
      "h_dist_written": 1.1717883550590065,
      "k_dist_correct": 1.0724798757359082,
      "k_dist_written": 1.0945359026090553,
      "v_dist_correct": 1.4453707606380537,
      "v_dist_written": 1.1838349288412815,
      "hkv_align": 15,
      "hkv_rate": 0.625,
      "hkv_p": 0.15372812747955322
    },
    "35": {
      "h_align": 13,
      "k_align": 13,
      "v_align": 12,
      "n": 24,
      "h_rate": 0.5416666666666666,
      "k_rate": 0.5416666666666666,
      "v_rate": 0.5,
      "h_p": 0.4194098711013794,
      "k_p": 0.4194098711013794,
      "v_p": 0.5805901288986206,
      "hk_mcnemar_p": 1.0,
      "hv_mcnemar_p": 1.0,
      "kv_mcnemar_p": 1.0,
      "h_dist_correct": 1.4498241327183667,
      "h_dist_written": 1.1327888357888236,
      "k_dist_correct": 1.4983334890667528,
      "k_dist_written": 1.2888808992877403,
      "v_dist_correct": 1.3708216497129924,
      "v_dist_written": 1.1390090899114798,
      "hkv_align": 12,
      "hkv_rate": 0.5,
      "hkv_p": 0.5805901288986206
    }
  },
  "runtime_seconds": 3177.1315999031067
}