{
  "model": "Qwen/Qwen3-4B-Base",
  "n_generated": 300,
  "n_correct": 258,
  "n_valid": 258,
  "accuracy": 0.86,
  "mean_cot_length": 511.80232558139534,
  "probe_layers": [
    18,
    35
  ],
  "decile_fracs": [
    0.1,
    0.2,
    0.30000000000000004,
    0.4,
    0.5,
    0.6,
    0.7000000000000001,
    0.8,
    0.9,
    1.0
  ],
  "kv_dim": 1024,
  "text_dim": 2560,
  "probes": {
    "L18": {
      "K": [
        0.20534013116215638,
        0.3055125408993782,
        0.17862374784104626,
        0.03965490381230679,
        0.00024224856508893412,
        0.03677061123993832,
        0.16179890138355096,
        0.08401448214034576,
        0.17279836656430864,
        0.011471291184138458
      ],
      "V": [
        0.2685067990993417,
        0.33891738090459195,
        0.06914747095608006,
        0.03655101140473934,
        0.029878310849795264,
        -0.022836754886045307,
        0.08727442844201858,
        0.017903261468851878,
        0.12614268294570197,
        0.13600105626825604
      ],
      "text_cum": [
        0.5188973029238316,
        0.6890915354495805,
        0.7299142287011708,
        0.7542625318093986,
        0.7523673171521175,
        0.7114185004424736,
        0.6903901937637666,
        0.6484702339561118,
        0.6506874660053225,
        0.629579178376116
      ],
      "text_tok": [
        0.023297588164834935,
        0.23241560972220773,
        0.11737867649712842,
        -0.1074363705369445,
        0.040736388685154626,
        -0.13694168887257727,
        -0.10336987942405455,
        -0.09018125862822395,
        0.03927477338968945,
        -0.01735218865863831
      ],
      "shuffle_V": [
        -0.21420273020668498,
        0.003167260551895635,
        -0.06813255743322147,
        -0.10544126893027557,
        -0.16311816456311345,
        0.1100696430764339,
        -0.048922975096963486,
        -0.1021521279963282,
        -0.16486974251050068,
        -0.08514381722049819
      ]
    },
    "L35": {
      "K": [
        0.38391847491988074,
        0.30850172828206274,
        0.14527188456930407,
        0.08406800562766335,
        0.23181894136183062,
        -0.021161060246621937,
        0.02817536697327468,
        0.22136990892548516,
        0.10858940620908902,
        -0.011042190241104864
      ],
      "V": [
        0.3314094180662119,
        0.3551680414442525,
        0.18485114768064423,
        0.020337186261637184,
        0.10972352358296086,
        -0.015219058533097757,
        0.09149138697747367,
        0.13589538002659762,
        0.05642185484909361,
        -0.04370966882339383
      ],
      "text_cum": [
        0.5188973029238316,
        0.6890915354495805,
        0.7299142287011708,
        0.7542625318093986,
        0.7523673171521175,
        0.7114185004424736,
        0.6903901937637666,
        0.6484702339561118,
        0.6506874660053225,
        0.629579178376116
      ],
      "text_tok": [
        0.023297588164834935,
        0.23241560972220773,
        0.11737867649712842,
        -0.1074363705369445,
        0.040736388685154626,
        -0.13694168887257727,
        -0.10336987942405455,
        -0.09018125862822395,
        0.03927477338968945,
        -0.01735218865863831
      ],
      "shuffle_V": [
        -0.20444992841166532,
        0.01643692425109045,
        -0.05500752016050077,
        -0.0814898960112552,
        -0.1339739350230914,
        -0.047001839933049815,
        -0.06519807012104045,
        -0.11644629794919588,
        -0.1495570970952505,
        -0.08206998999242629
      ]
    }
  },
  "early_decodability": {
    "L18": {
      "V_first_above_threshold": 1,
      "text_first_above_threshold": 0,
      "gap_deciles": -1,
      "threshold": 0.3
    },
    "L35": {
      "V_first_above_threshold": 0,
      "text_first_above_threshold": 0,
      "gap_deciles": 0,
      "threshold": 0.3
    }
  },
  "runtime_s": 1806.9570009708405
}