{
  "config": {
    "model": "microsoft/Phi-3.5-mini-instruct",
    "n_problems": 250,
    "n_generated": 250,
    "n_correct": 212,
    "n_extracted": 212,
    "accuracy": 84.8,
    "probe_layers": [
      16,
      24
    ],
    "n_layers": 32,
    "kv_dim": 3072,
    "kv_heads": 32,
    "head_dim": 96,
    "arch_type": "MHA",
    "n_bins": 20,
    "n_folds": 5,
    "max_nums_dim": 30,
    "nums_feat_dim": 36,
    "n_bootstrap": 300,
    "seed": 42
  },
  "results": {
    "L16": {
      "V_R": [
        0.3431372321521012,
        0.33983727943441605,
        0.32137871423769954,
        0.3094674707746802,
        0.42525608880003074,
        0.4454770585151441,
        0.3380488708817407,
        0.4668949317392818,
        0.35579104848803494,
        0.2995761760263064,
        0.3427090499072397,
        0.35540985129091796,
        0.4801190713571271,
        0.4175340384308093,
        0.5035853509805505,
        0.46155972600962725,
        0.5983735343813129,
        0.6321338901154141,
        0.717453667930065,
        0.7828491364675256
      ],
      "K_R": [
        0.27619421042323977,
        0.24522537668333122,
        0.2567846784709987,
        0.3128637740364078,
        0.4348072059987703,
        0.38877656096991803,
        0.33491778869726424,
        0.25744424194590526,
        0.16637999000682385,
        0.21380781144614106,
        0.215154507757331,
        0.31551606495282236,
        0.415527960989528,
        0.3481780230751205,
        0.45674067855656353,
        0.5064599626335181,
        0.4844955828045858,
        0.5893525555028845,
        0.5947626886513443,
        0.6735186845704293
      ],
      "nums_R": [
        0.2642642078866132,
        0.44905162345543786,
        0.3455068405981526,
        0.22244743346938925,
        0.06933231003708647,
        0.20354031787436322,
        0.2489370975886073,
        0.3545673301189941,
        0.2593566482878999,
        0.1445683006271919,
        0.3092944294690497,
        0.35265951304895615,
        0.16860506467155345,
        0.20495699789788677,
        0.31304056808598035,
        0.29537509428651315,
        0.17780236621997197,
        0.1243021118828651,
        0.3093958788778739,
        0.3229156906836488
      ],
      "V_nums_R": [
        0.23338352636920784,
        0.2725734728183164,
        0.1712139144441587,
        0.22285610929385333,
        0.3150476971421203,
        0.3500874347973149,
        0.2528163757347443,
        0.251678999775682,
        0.22794011992290367,
        0.06529448678948717,
        0.2100205420974164,
        0.3268510471955123,
        0.365372961364182,
        0.3523252358619772,
        0.4102621602429778,
        0.35732495332689,
        0.35938130611629915,
        0.38707959751149684,
        0.5363354042819907,
        0.539880984186011
      ],
      "K_nums_R": [
        0.14005732029908216,
        0.17338802930061434,
        0.22364824836156594,
        0.3044060002690211,
        0.38740845645808036,
        0.3449446983367216,
        0.18480969737688252,
        0.07824179313175585,
        -0.03187827436785887,
        -0.13511855655448937,
        -0.037033874893596434,
        0.26375342156192905,
        0.29941937881697583,
        0.2874629779528891,
        0.41172107331974683,
        0.41491129923766135,
        0.33432594415469724,
        0.4610950091186839,
        0.4508556127078852,
        0.43413226841117364
      ],
      "shuffle_R": [
        -0.021592362799550822,
        -0.043635729172650635,
        0.09602792295941988,
        -0.09812433173397528,
        -0.13464919480531415,
        0.02491007022297602,
        -0.0037691979626753823,
        -0.03489378740678057,
        0.0027349667520407133,
        0.000707033946504015,
        0.02296605350265691,
        -0.009807789959361886,
        -0.12496569609710201,
        0.1177363988023235,
        0.00492939953403433,
        -0.056149157177547954,
        -0.012766936747661769,
        0.04709289246634528,
        0.09460706821402255,
        -0.048921382250294874
      ],
      "n_samples": [
        1066.0,
        958.0,
        983.0,
        933.0,
        959.0,
        1001.0,
        960.0,
        937.0,
        982.0,
        913.0,
        1010.0,
        993.0,
        937.0,
        982.0,
        928.0,
        970.0,
        984.0,
        950.0,
        980.0,
        854.0
      ],
      "n_groups": [
        212.0,
        212.0,
        212.0,
        212.0,
        212.0,
        212.0,
        212.0,
        212.0,
        212.0,
        212.0,
        212.0,
        212.0,
        212.0,
        212.0,
        212.0,
        212.0,
        212.0,
        212.0,
        212.0,
        212.0
      ]
    },
    "L24": {
      "V_R": [
        0.31190324027672073,
        0.3747349463864858,
        0.29214931247109743,
        0.3248499688440724,
        0.344506521167181,
        0.34633056954397606,
        0.3057049814431874,
        0.4095111034315441,
        0.3848917496047484,
        0.30180254770320275,
        0.25990372571549214,
        0.4747775310316929,
        0.4341457925158946,
        0.43318493880717185,
        0.4179198562738234,
        0.49401437474302495,
        0.6849705764138427,
        0.6932620830020192,
        0.7073589992090107,
        0.7459131637393227
      ],
      "K_R": [
        0.23528126728808657,
        0.23969079097558646,
        0.211475425741298,
        0.21595232369010656,
        0.3809055606929894,
        0.33373200004899195,
        0.28998164501165347,
        0.28857667963125666,
        0.30418261601807006,
        0.281189583153988,
        0.185498822803845,
        0.4094894956794266,
        0.3610723930064207,
        0.39790425086723763,
        0.37378120103221657,
        0.44914886227473944,
        0.579341712805888,
        0.6226019065894698,
        0.5763254965070831,
        0.5647270015231515
      ],
      "nums_R": [
        0.2642642078866132,
        0.44905162345543786,
        0.3455068405981526,
        0.22244743346938925,
        0.06933231003708647,
        0.20354031787436322,
        0.2489370975886073,
        0.3545673301189941,
        0.2593566482878999,
        0.1445683006271919,
        0.3092944294690497,
        0.35265951304895615,
        0.16860506467155345,
        0.20495699789788677,
        0.31304056808598035,
        0.29537509428651315,
        0.17780236621997197,
        0.1243021118828651,
        0.3093958788778739,
        0.3229156906836488
      ],
      "V_nums_R": [
        0.1944416697821864,
        0.22513341339097345,
        0.15931265867715327,
        0.2718524744104158,
        0.19213832167235345,
        0.27190693366744656,
        0.16622247190808687,
        0.16980599225166643,
        0.23735302717887843,
        0.0665168667000304,
        0.23944955865272777,
        0.32111227446331475,
        0.30779278380684405,
        0.2928577826822971,
        0.2641590597808843,
        0.35379386716984085,
        0.3433092112294679,
        0.4969105170817213,
        0.555583918420325,
        0.515353391484515
      ],
      "K_nums_R": [
        0.1674290719176315,
        0.1503458509139169,
        0.146169141956785,
        0.15157236701635715,
        0.3303181016427676,
        0.30123117827278034,
        0.13389839128459902,
        0.0282959396969482,
        0.09698229586230134,
        -0.04298289957141941,
        0.0014941287080705212,
        0.3473590887134288,
        0.27755023079061464,
        0.2938336064741859,
        0.27012458090924235,
        0.34926689010400247,
        0.2909929127077008,
        0.47009348896093883,
        0.4191572770688832,
        0.3856823479625442
      ],