{
  "experiment": "exp_041_llama_positional_sweep",
  "model": "meta-llama/Llama-3.1-8B-Instruct",
  "num_layers": 32,
  "n_kv_heads": 8,
  "n_attn_heads": 32,
  "head_dim": 128,
  "architecture": "GQA",
  "n_valid": 38,
  "n_processed": 38,
  "n_skip_wrong": 13,
  "n_skip_trunc": 0,
  "conditions": [
    "decile_k_0",
    "decile_k_1",
    "decile_k_2",
    "decile_k_3",
    "decile_k_4",
    "decile_k_5",
    "decile_k_6",
    "decile_k_7",
    "decile_k_8",
    "decile_k_9",
    "decile_v_9"
  ],
  "aggregated": {
    "decile_k_0": {
      "n": 38,
      "n_correct": 0,
      "accuracy": 0.0,
      "text_accuracy": 0.09145170800086483,
      "clean_text_accuracy": 1.0,
      "accuracy_drop": 1.0,
      "text_drop": 0.9085482919991352,
      "dissociation": 0.09145170800086477,
      "wilson_ci_lo": 0.0,
      "wilson_ci_hi": 0.09181293258383999,
      "k_rms": 93.92321112840594,
      "v_rms": 0.0,
      "k_signal_rms": 66.40432396436853,
      "v_signal_rms": 10.597897941497175
    },
    "decile_k_1": {
      "n": 38,
      "n_correct": 0,
      "accuracy": 0.0,
      "text_accuracy": 0.1878052693323917,
      "clean_text_accuracy": 1.0,
      "accuracy_drop": 1.0,
      "text_drop": 0.8121947306676083,
      "dissociation": 0.18780526933239172,
      "wilson_ci_lo": 0.0,
      "wilson_ci_hi": 0.09181293258383999,
      "k_rms": 95.02068822813828,
      "v_rms": 0.0,
      "k_signal_rms": 67.19864972010463,
      "v_signal_rms": 10.593747926714586
    },
    "decile_k_2": {
      "n": 38,
      "n_correct": 2,
      "accuracy": 0.05263157894736842,
      "text_accuracy": 0.2770009327914276,
      "clean_text_accuracy": 1.0,
      "accuracy_drop": 0.9473684210526316,
      "text_drop": 0.7229990672085724,
      "dissociation": 0.2243693538440592,
      "wilson_ci_lo": 0.0145539024485368,
      "wilson_ci_hi": 0.17285766881068843,
      "k_rms": 94.464006363421,
      "v_rms": 0.0,
      "k_signal_rms": 66.77068934377239,
      "v_signal_rms": 10.669532979721238
    },
    "decile_k_3": {
      "n": 38,
      "n_correct": 1,
      "accuracy": 0.02631578947368421,
      "text_accuracy": 0.36960139504325584,
      "clean_text_accuracy": 1.0,
      "accuracy_drop": 0.9736842105263158,
      "text_drop": 0.6303986049567442,
      "dissociation": 0.34328560556957166,
      "wilson_ci_lo": 0.004660467553530053,
      "wilson_ci_hi": 0.13495178436800256,
      "k_rms": 94.32806642793076,
      "v_rms": 0.0,
      "k_signal_rms": 66.70378022380352,
      "v_signal_rms": 10.675453266018062
    },
    "decile_k_4": {
      "n": 38,
      "n_correct": 1,
      "accuracy": 0.02631578947368421,
      "text_accuracy": 0.46740283386824094,
      "clean_text_accuracy": 1.0,
      "accuracy_drop": 0.9736842105263158,
      "text_drop": 0.532597166131759,
      "dissociation": 0.4410870443945568,
      "wilson_ci_lo": 0.004660467553530053,
      "wilson_ci_hi": 0.13495178436800256,
      "k_rms": 94.25134104740933,
      "v_rms": 0.0,
      "k_signal_rms": 66.6629727298139,
      "v_signal_rms": 10.676143794806814
    },
    "decile_k_5": {
      "n": 38,
      "n_correct": 0,
      "accuracy": 0.0,
      "text_accuracy": 0.5645259860399663,
      "clean_text_accuracy": 1.0,
      "accuracy_drop": 1.0,
      "text_drop": 0.4354740139600337,
      "dissociation": 0.5645259860399663,
      "wilson_ci_lo": 0.0,
      "wilson_ci_hi": 0.09181293258383999,
      "k_rms": 94.80845128776772,
      "v_rms": 0.0,
      "k_signal_rms": 67.01994355038032,
      "v_signal_rms": 10.566388377857027
    },
    "decile_k_6": {
      "n": 38,
      "n_correct": 0,
      "accuracy": 0.0,
      "text_accuracy": 0.6547305990998517,
      "clean_text_accuracy": 1.0,
      "accuracy_drop": 1.0,
      "text_drop": 0.34526940090014835,
      "dissociation": 0.6547305990998517,
      "wilson_ci_lo": 0.0,
      "wilson_ci_hi": 0.09181293258383999,
      "k_rms": 95.06709247147973,
      "v_rms": 0.0,
      "k_signal_rms": 67.22124975892326,
      "v_signal_rms": 10.587829433709484
    },
    "decile_k_7": {
      "n": 38,
      "n_correct": 0,
      "accuracy": 0.0,
      "text_accuracy": 0.7498547774327428,
      "clean_text_accuracy": 1.0,
      "accuracy_drop": 1.0,
      "text_drop": 0.25014522256725724,
      "dissociation": 0.7498547774327428,
      "wilson_ci_lo": 0.0,
      "wilson_ci_hi": 0.09181293258383999,
      "k_rms": 95.00412132684363,
      "v_rms": 0.0,
      "k_signal_rms": 67.1888082965318,
      "v_signal_rms": 10.603795773591406
    },
    "decile_k_8": {
      "n": 38,
      "n_correct": 0,
      "accuracy": 0.0,
      "text_accuracy": 0.8440275200334166,
      "clean_text_accuracy": 1.0,
      "accuracy_drop": 1.0,
      "text_drop": 0.15597247996658337,
      "dissociation": 0.8440275200334166,
      "wilson_ci_lo": 0.0,
      "wilson_ci_hi": 0.09181293258383999,
      "k_rms": 94.79952068020843,
      "v_rms": 0.0,
      "k_signal_rms": 67.04175446550929,
      "v_signal_rms": 10.584872945641063
    },
    "decile_k_9": {
      "n": 38,
      "n_correct": 6,
      "accuracy": 0.15789473684210525,
      "text_accuracy": 0.939817559500807,
      "clean_text_accuracy": 1.0,
      "accuracy_drop": 0.8421052631578947,
      "text_drop": 0.06018244049919297,
      "dissociation": 0.7819228226587017,
      "wilson_ci_lo": 0.07443762223722684,
      "wilson_ci_hi": 0.30417122637276883,
      "k_rms": 94.23565730696127,
      "v_rms": 0.0,
      "k_signal_rms": 66.64091074708512,
      "v_signal_rms": 10.573617855137973
    },
    "decile_v_9": {
      "n": 38,
      "n_correct": 27,
      "accuracy": 0.7105263157894737,
      "text_accuracy": 0.9584753202132996,
      "clean_text_accuracy": 1.0,
      "accuracy_drop": 0.2894736842105263,
      "text_drop": 0.04152467978670038,
      "dissociation": 0.24794900442382595,
      "wilson_ci_lo": 0.5524256173381022,
      "wilson_ci_hi": 0.8299689373634387,
      "k_rms": 0.0,
      "v_rms": 15.303618307847998,
      "k_signal_rms": 64.66099256033178,
      "v_signal_rms": 10.825845490373595
    }
  },
  "elapsed_seconds": 1514.8769044876099
}