{
  "experiment": "exp_036_qwen_instruct_magnitude_dose",
  "model": "Qwen/Qwen3-4B",
  "num_layers": 36,
  "n_kv_heads": 8,
  "n_attn_heads": 32,
  "head_dim": 128,
  "architecture": "GQA",
  "n_valid": 32,
  "n_processed": 32,
  "n_skip_wrong": 9,
  "n_skip_trunc": 0,
  "conditions": [
    "mag_k_03",
    "mag_k_05",
    "mag_k_10",
    "mag_k_20",
    "mag_k_50",
    "mag_v_10",
    "mag_v_30",
    "mag_v_50",
    "mag_v_100",
    "mag_kv_10",
    "mag_kv_20"
  ],
  "aggregated": {
    "mag_k_03": {
      "n": 32,
      "accuracy": 0.9375,
      "text_accuracy": 0.9981668882272974,
      "clean_text_accuracy": 1.0,
      "accuracy_drop": 0.0625,
      "text_drop": 0.0018331117727026225,
      "dissociation": 0.06066688822729738,
      "wilson_ci_lo": 0.7985253275199642,
      "wilson_ci_hi": 0.9826897968048427,
      "k_rms": 31.934264139257532,
      "v_rms": 0.0,
      "k_signal_rms": 108.69556546418417,
      "v_signal_rms": 46.04198547968572
    },
    "mag_k_05": {
      "n": 32,
      "accuracy": 0.6875,
      "text_accuracy": 0.9962456851469812,
      "clean_text_accuracy": 1.0,
      "accuracy_drop": 0.3125,
      "text_drop": 0.003754314853018803,
      "dissociation": 0.3087456851469812,
      "wilson_ci_lo": 0.5143300030196761,
      "wilson_ci_hi": 0.8204764788338126,
      "k_rms": 53.07646398633862,
      "v_rms": 0.0,
      "k_signal_rms": 108.34282445929018,
      "v_signal_rms": 48.32339080585002
    },
    "mag_k_10": {
      "n": 32,
      "accuracy": 0.28125,
      "text_accuracy": 0.991381236604375,
      "clean_text_accuracy": 1.0,
      "accuracy_drop": 0.71875,
      "text_drop": 0.008618763395624951,
      "dissociation": 0.710131236604375,
      "wilson_ci_lo": 0.15564406845647866,
      "wilson_ci_hi": 0.45374836938111784,
      "k_rms": 96.91279045514061,
      "v_rms": 0.0,
      "k_signal_rms": 108.13007866987434,
      "v_signal_rms": 51.86754516701688
    },
    "mag_k_20": {
      "n": 32,
      "accuracy": 0.0625,
      "text_accuracy": 0.9886864478772611,
      "clean_text_accuracy": 1.0,
      "accuracy_drop": 0.9375,
      "text_drop": 0.011313552122738879,
      "dissociation": 0.9261864478772611,
      "wilson_ci_lo": 0.01731020319515724,
      "wilson_ci_hi": 0.20147467248003584,
      "k_rms": 164.91782388772,
      "v_rms": 0.0,
      "k_signal_rms": 108.00578981914241,
      "v_signal_rms": 54.38543693013822
    },
    "mag_k_50": {
      "n": 32,
      "accuracy": 0.03125,
      "text_accuracy": 0.9858259418026927,
      "clean_text_accuracy": 1.0,
      "accuracy_drop": 0.96875,
      "text_drop": 0.014174058197307327,
      "dissociation": 0.9545759418026927,
      "wilson_ci_lo": 0.005537717362550956,
      "wilson_ci_hi": 0.15744607800372734,
      "k_rms": 378.2985128456841,
      "v_rms": 0.0,
      "k_signal_rms": 107.78660573586824,
      "v_signal_rms": 55.21553742561343
    },
    "mag_v_10": {
      "n": 32,
      "accuracy": 1.0,
      "text_accuracy": 0.999702380952381,
      "clean_text_accuracy": 1.0,
      "accuracy_drop": 0.0,
      "text_drop": 0.00029761904761904656,
      "dissociation": -0.00029761904761904656,
      "wilson_ci_lo": 0.8928172849426365,
      "wilson_ci_hi": 1.0,
      "k_rms": 0.0,
      "v_rms": 39.66738510171905,
      "k_signal_rms": 108.73518483326424,
      "v_signal_rms": 45.23298040836905
    },
    "mag_v_30": {
      "n": 32,
      "accuracy": 0.96875,
      "text_accuracy": 0.9967486870898499,
      "clean_text_accuracy": 1.0,
      "accuracy_drop": 0.03125,
      "text_drop": 0.003251312910150128,
      "dissociation": 0.027998687089849872,
      "wilson_ci_lo": 0.8425539219962727,
      "wilson_ci_hi": 0.9944622826374491,
      "k_rms": 0.0,
      "v_rms": 107.66212030726984,
      "k_signal_rms": 107.73491312557623,
      "v_signal_rms": 49.13415406006732
    },
    "mag_v_50": {
      "n": 32,
      "accuracy": 0.8125,
      "text_accuracy": 0.9920038137750165,
      "clean_text_accuracy": 1.0,
      "accuracy_drop": 0.1875,
      "text_drop": 0.007996186224983548,
      "dissociation": 0.17950381377501645,
      "wilson_ci_lo": 0.6469050424507756,
      "wilson_ci_hi": 0.9111057606383722,
      "k_rms": 0.0,
      "v_rms": 189.65176251321077,
      "k_signal_rms": 106.90641068613084,
      "v_signal_rms": 52.49211901848069
    },
    "mag_v_100": {
      "n": 32,
      "accuracy": 0.4375,
      "text_accuracy": 0.9872202880147094,
      "clean_text_accuracy": 1.0,
      "accuracy_drop": 0.5625,
      "text_drop": 0.012779711985290598,
      "dissociation": 0.5497202880147094,
      "wilson_ci_lo": 0.28165085969443177,
      "wilson_ci_hi": 0.6067469796877386,
      "k_rms": 0.0,
      "v_rms": 398.60966126965803,
      "k_signal_rms": 106.1667077568971,
      "v_signal_rms": 55.60811408410206
    },
    "mag_kv_10": {
      "n": 32,
      "accuracy": 0.03125,
      "text_accuracy": 0.9886354934054581,
      "clean_text_accuracy": 1.0,
      "accuracy_drop": 0.96875,
      "text_drop": 0.011364506594541912,
      "dissociation": 0.9573854934054581,
      "wilson_ci_lo": 0.005537717362550956,
      "wilson_ci_hi": 0.15744607800372734,
      "k_rms": 94.44227873127326,
      "v_rms": 47.846232070696175,
      "k_signal_rms": 107.39725371826486,
      "v_signal_rms": 54.8503917926098
    },
    "mag_kv_20": {
      "n": 32,
      "accuracy": 0.0,
      "text_accuracy": 0.9830443580572161,
      "clean_text_accuracy": 1.0,
      "accuracy_drop": 1.0,
      "text_drop": 0.016955641942783872,
      "dissociation": 0.9830443580572161,
      "wilson_ci_lo": 0.0,
      "wilson_ci_hi": 0.1071827150573635,
      "k_rms": 165.4313073253468,
      "v_rms": 85.24305601032334,
      "k_signal_rms": 106.41459813839458,
      "v_signal_rms": 56.72323911293587
    }
  },
  "elapsed_seconds": 1509.3587429523468
}