{
  "models": {
    "Qwen3-4B-Base": {
      "K_effective_rank": {
        "mean": 226.0525724252065,
        "std": 40.23648192314699,
        "median": 235.80538177490234
      },
      "V_effective_rank": {
        "mean": 258.7098497125838,
        "std": 55.87590537832435,
        "median": 275.12281799316406
      },
      "K_normalized_eff_rank": {
        "mean": 0.44150893051798146,
        "std": 0.07858687875614646
      },
      "V_normalized_eff_rank": {
        "mean": 0.5052926752198902,
        "std": 0.10913262769203974
      },
      "K_decay_rate": {
        "mean": 0.006987204955089105,
        "std": 0.001424500689178644
      },
      "V_decay_rate": {
        "mean": 0.009173331680873281,
        "std": 0.006254322618101598
      },
      "K_top1_energy": {
        "mean": 0.6149360304491387,
        "std": 0.15562419895546847
      },
      "V_top1_energy": {
        "mean": 0.14912867969315913,
        "std": 0.044154880280876024
      },
      "K_top10_energy": {
        "mean": 0.7903070021834638,
        "std": 0.08722786508992329
      },
      "V_top10_energy": {
        "mean": 0.45747069269418716,
        "std": 0.06489698333917561
      },
      "K_spectral_gap": {
        "mean": 4.322577496866385,
        "std": 1.9826608657473406
      },
      "V_spectral_gap": {
        "mean": 1.5558990875879923,
        "std": 0.19164867352342785
      },
      "K_vs_V_eff_rank_ratio": 0.873768713005484,
      "n_layer_observations": 720
    },
    "Llama-3.1-8B-Instruct": {
      "K_effective_rank": {
        "mean": 231.51680572032927,
        "std": 13.115842480138923,
        "median": 233.95830535888672
      },
      "V_effective_rank": {
        "mean": 246.7995552122593,
        "std": 53.42795142235203,
        "median": 264.6077575683594
      },
      "K_normalized_eff_rank": {
        "mean": 0.4521812611725181,
        "std": 0.025616879844021334
      },
      "V_normalized_eff_rank": {
        "mean": 0.48203038127394393,
        "std": 0.10435146762178131
      },
      "K_decay_rate": {
        "mean": 0.00704118023870935,
        "std": 0.000987537690335676
      },
      "V_decay_rate": {
        "mean": 0.009576013906579568,
        "std": 0.006166859037289488
      },
      "K_top1_energy": {
        "mean": 0.5758446855470538,
        "std": 0.02663976674367482
      },
      "V_top1_energy": {
        "mean": 0.16384311503497884,
        "std": 0.05664236406967849
      },
      "K_top10_energy": {
        "mean": 0.7590781318955123,
        "std": 0.02282459526197233
      },
      "V_top10_energy": {
        "mean": 0.47734327050857245,
        "std": 0.05076217484174399
      },
      "K_spectral_gap": {
        "mean": 3.664911625534296,
        "std": 0.47466897361992827
      },
      "V_spectral_gap": {
        "mean": 1.6276722311973573,
        "std": 0.33643724379992557
      },
      "K_vs_V_eff_rank_ratio": 0.9380762680921927,
      "n_layer_observations": 640
    }
  },
  "cross_model_comparison": {
    "Qwen3-4B-Base_K_eff_rank": 226.0525724252065,
    "Llama-3.1-8B-Instruct_K_eff_rank": 231.51680572032927,
    "Qwen3-4B-Base_V_eff_rank": 258.7098497125838,
    "Llama-3.1-8B-Instruct_V_eff_rank": 246.7995552122593,
    "Qwen3-4B-Base_K_vs_V_ratio": 0.873768713005484,
    "Llama-3.1-8B-Instruct_K_vs_V_ratio": 0.9380762680921927,
    "Qwen3-4B-Base_K_decay": 0.006987204955089105,
    "Llama-3.1-8B-Instruct_K_decay": 0.00704118023870935,
    "Qwen3-4B-Base_K_top1": 0.6149360304491387,
    "Llama-3.1-8B-Instruct_K_top1": 0.5758446855470538,
    "K_rank_lower_on_digital": true
  }
}