{
  "generation": {
    "n_total": 250,
    "n_correct": 220,
    "accuracy": 88.0,
    "n_usable": 220
  },
  "n_extracted": 220,
  "probe_layers": [
    18,
    27
  ],
  "n_bins": 20,
  "kv_dim": 1024,
  "probe_results": {
    "L18": {
      "0": {
        "bin_center": 0.025,
        "n_samples": 1165,
        "n_problems": 220,
        "V_R": 0.33494828863057313,
        "K_R": 0.24149809247473902,
        "V_shuf_R": -0.022040505271826622,
        "V_R2": -0.44483859772779244,
        "K_R2": -1.2398131274001192,
        "text_reveals_frac": 0.0
      },
      "1": {
        "bin_center": 0.07500000000000001,
        "n_samples": 1060,
        "n_problems": 220,
        "V_R": 0.21253614999757675,
        "K_R": 0.06673743000443841,
        "V_shuf_R": 0.0017974071318792191,
        "V_R2": -0.8464106131855478,
        "K_R2": -1.9642808001741296,
        "text_reveals_frac": 0.02727272727272727
      },
      "2": {
        "bin_center": 0.125,
        "n_samples": 1079,
        "n_problems": 220,
        "V_R": 0.2153425765022555,
        "K_R": 0.18799523967091755,
        "V_shuf_R": 0.01292512358530002,
        "V_R2": -0.7667058995734521,
        "K_R2": -1.3019732987005566,
        "text_reveals_frac": 0.05
      },
      "3": {
        "bin_center": 0.17500000000000002,
        "n_samples": 1028,
        "n_problems": 220,
        "V_R": 0.25633745061985347,
        "K_R": 0.17001568238988163,
        "V_shuf_R": -0.011536559606063158,
        "V_R2": -0.6454545158359544,
        "K_R2": -1.5970624547360188,
        "text_reveals_frac": 0.07272727272727272
      },
      "4": {
        "bin_center": 0.225,
        "n_samples": 1054,
        "n_problems": 220,
        "V_R": 0.19565611647229203,
        "K_R": 0.21044519132235456,
        "V_shuf_R": -0.06392449350168412,
        "V_R2": -0.7345733265066898,
        "K_R2": -1.104104025539972,
        "text_reveals_frac": 0.08181818181818182
      },
      "5": {
        "bin_center": 0.275,
        "n_samples": 1114,
        "n_problems": 220,
        "V_R": 0.26026532989561624,
        "K_R": 0.2004852628076717,
        "V_shuf_R": -0.06200173647712518,
        "V_R2": -0.7176919751946749,
        "K_R2": -1.6569804087968723,
        "text_reveals_frac": 0.09090909090909091
      },
      "6": {
        "bin_center": 0.32500000000000007,
        "n_samples": 1058,
        "n_problems": 220,
        "V_R": 0.17130696688176253,
        "K_R": 0.11833081767348815,
        "V_shuf_R": 0.01993214083047337,
        "V_R2": -0.9385648808855769,
        "K_R2": -1.5093112229876415,
        "text_reveals_frac": 0.10454545454545454
      },
      "7": {
        "bin_center": 0.375,
        "n_samples": 1026,
        "n_problems": 220,
        "V_R": 0.19921826558061076,
        "K_R": 0.15597943867867337,
        "V_shuf_R": -0.027668554625228013,
        "V_R2": -0.8323144223040595,
        "K_R2": -1.3694268873173958,
        "text_reveals_frac": 0.11818181818181818
      },
      "8": {
        "bin_center": 0.42500000000000004,
        "n_samples": 1070,
        "n_problems": 220,
        "V_R": 0.33444760630887127,
        "K_R": 0.2925055871045612,
        "V_shuf_R": 0.07772015127460309,
        "V_R2": -0.4939572501569376,
        "K_R2": -1.0011728352389202,
        "text_reveals_frac": 0.12727272727272726
      },
      "9": {
        "bin_center": 0.475,
        "n_samples": 1021,
        "n_problems": 220,
        "V_R": 0.2560606701151839,
        "K_R": 0.14604259971115544,
        "V_shuf_R": -0.009904019009648619,
        "V_R2": -0.6698646767360792,
        "K_R2": -1.5323312724327836,
        "text_reveals_frac": 0.13636363636363635
      },
      "10": {
        "bin_center": 0.525,
        "n_samples": 1115,
        "n_problems": 220,
        "V_R": 0.27010081586924656,
        "K_R": 0.18085487011775553,
        "V_shuf_R": 0.0055753233304307445,
        "V_R2": -0.5084367324469776,
        "K_R2": -1.4359948767598536,
        "text_reveals_frac": 0.13636363636363635
      },
      "11": {
        "bin_center": 0.5750000000000001,
        "n_samples": 1091,
        "n_problems": 220,
        "V_R": 0.2519221676914948,
        "K_R": 0.21938398633582903,
        "V_shuf_R": 0.01377188544298671,
        "V_R2": -0.5605584795335194,
        "K_R2": -1.1490630313629024,
        "text_reveals_frac": 0.1409090909090909
      },
      "12": {
        "bin_center": 0.625,
        "n_samples": 1026,
        "n_problems": 220,
        "V_R": 0.2816475056119064,
        "K_R": 0.07292544662390633,
        "V_shuf_R": 0.045272312312063044,
        "V_R2": -0.6093611678830486,
        "K_R2": -1.7204411113559726,
        "text_reveals_frac": 0.14545454545454545
      },
      "13": {
        "bin_center": 0.675,
        "n_samples": 1088,
        "n_problems": 220,
        "V_R": 0.35447208028767024,
        "K_R": 0.2410320859041581,
        "V_shuf_R": 0.04602917894831324,
        "V_R2": -0.40791478680803395,
        "K_R2": -1.3441420415783623,
        "text_reveals_frac": 0.15
      },
      "14": {
        "bin_center": 0.7250000000000001,
        "n_samples": 1017,
        "n_problems": 220,
        "V_R": 0.3612137809966941,
        "K_R": 0.14241137803162138,
        "V_shuf_R": -0.012919889779269535,
        "V_R2": -0.4204720808524949,
        "K_R2": -1.5818997460465694,
        "text_reveals_frac": 0.15
      },
      "15": {
        "bin_center": 0.775,
        "n_samples": 1066,
        "n_problems": 220,
        "V_R": 0.2872423502101523,
        "K_R": 0.1722172235808636,
        "V_shuf_R": 0.058028936288408224,
        "V_R2": -0.5011819557873618,
        "K_R2": -1.340326271558355,
        "text_reveals_frac": 0.1590909090909091
      },
      "16": {
        "bin_center": 0.8250000000000001,
        "n_samples": 1104,
        "n_problems": 220,
        "V_R": 0.4566780854326743,
        "K_R": 0.3726027424122081,
        "V_shuf_R": 0.07883422900634365,
        "V_R2": -0.11046583562609413,
        "K_R2": -0.5128476309377901,
        "text_reveals_frac": 0.17272727272727273
      },
      "17": {
        "bin_center": 0.875,
        "n_samples": 1028,
        "n_problems": 220,
        "V_R": 0.44423591157396003,
        "K_R": 0.40525227109558415,
        "V_shuf_R": -0.05135456801761105,
        "V_R2": -0.17289761585649965,
        "K_R2": -0.5506756344387607,
        "text_reveals_frac": 0.24545454545454545
      },
      "18": {
        "bin_center": 0.925,
        "n_samples": 1090,
        "n_problems": 220,
        "V_R": 0.6116268118344022,
        "K_R": 0.4555367971824667,
        "V_shuf_R": -0.04014186933780034,
        "V_R2": 0.16550959284134503,
        "K_R2": -0.3758366319575095,
        "text_reveals_frac": 0.5409090909090909
      },
      "19": {
        "bin_center": 0.9750000000000001,
        "n_samples": 945,
        "n_problems": 220,
        "V_R": 0.6779438005985887,
        "K_R": 0.47554862512004054,
        "V_shuf_R": 0.014519729311239831,
        "V_R2": 0.3463186698415198,
        "K_R2": -0.5265541696888236,
        "text_reveals_frac": 1.0
      }
    },
    "L27": {
      "0": {
        "bin_center": 0.025,
        "n_samples": 1165,
        "n_problems": 220,
        "V_R": 0.13803546448336634,
        "K_R": 0.1571676987751656,
        "V_shuf_R": 0.012980205568107596,
        "V_R2": -2.25585160434744,
        "K_R2": -1.9743397784245387,
        "text_reveals_frac": 0.0
      },
      "1": {
        "bin_center": 0.07500000000000001,
        "n_samples": 1060,
        "n_problems": 220,
        "V_R": 0.13552767701245144,
        "K_R": 0.17509096437473584,
        "V_shuf_R": 0.09858057232665643,
        "V_R2": -1.7098765860776557,
        "K_R2": -1.6055736757024617,
        "text_reveals_frac": 0.02727272727272727
      },
      "2": {
        "bin_center": 0.125,
        "n_samples": 1079,
        "n_problems": 220,
        "V_R": 0.2667770544313682,
        "K_R": 0.2814400641308094,