{
  "model": "mistralai/Mistral-7B-v0.3",
  "n_generated": 250,
  "n_correct": 109,
  "n_valid": 109,
  "accuracy": 43.6,
  "mean_cot_length": 512.2385321100918,
  "probe_layers": {
    "L8": 26,
    "L16": 52,
    "L24": 77,
    "L31": 100
  },
  "kv_dim": 1024,
  "text_dim": 4096,
  "n_deciles": 10,
  "n_bootstrap": 2000,
  "probes_by_layer": {
    "L8": {
      "cum_K": [
        0.5405172013597588,
        0.6329249775021235,
        0.6970242936497173,
        0.6190809884185373,
        0.5894864435794498,
        0.5325772775828338,
        0.5171327294007783,
        0.5394056038858468,
        0.4212587785095058,
        0.3994501851758237
      ],
      "cum_V": [
        0.6456181322338229,
        0.6878195217539872,
        0.7438279575367561,
        0.6914695694267353,
        0.632627946038164,
        0.6563571727704248,
        0.636402582012059,
        0.6633704103302567,
        0.6448494186915456,
        0.6540723626744177
      ],
      "cum_text": [
        0.6420687988160279,
        0.6967172330574448,
        0.7649831499214992,
        0.6768465186308967,
        0.6255359552683205,
        0.5399817238723045,
        0.49008923091462103,
        0.4743853710418887,
        0.43914451247721303,
        0.48200051741455113
      ],
      "shuffle": [
        -0.2660385087020396,
        -0.09379028263571139,
        -0.08958612113332454,
        -0.25835190937768987,
        0.056837393042396274,
        -0.1418533326888647,
        -0.20626768885227625,
        0.044362114601309746,
        -0.048008686995468945,
        -0.29097564151747196
      ],
      "advantages_cumV_over_cumText": [
        0.003549333417795064,
        -0.008897711303457623,
        -0.02115519238474306,
        0.014623050795838588,
        0.007091990769843459,
        0.11637544889812035,
        0.14631335109743798,
        0.18898503928836796,
        0.20570490621433252,
        0.17207184525986657
      ]
    },
    "L16": {
      "cum_K": [
        0.48995048880564235,
        0.5970394406416332,
        0.6676926131914045,
        0.6043743655265094,
        0.6535012420345423,
        0.5652514203191544,
        0.540969349256292,
        0.5178245930641427,
        0.496406036927585,
        0.4992773057705535
      ],
      "cum_V": [
        0.6377465871772008,
        0.6808907412625301,
        0.7198289993443405,
        0.6928322791652293,
        0.7151460122028692,
        0.7217452720574689,
        0.70523022199933,
        0.7170180961052403,
        0.6802363441996142,
        0.698157536725135
      ],
      "cum_text": [
        0.6420687988160279,
        0.6967172330574448,
        0.7649831499214992,
        0.6768465186308967,
        0.6255359552683205,
        0.5399817238723045,
        0.49008923091462103,
        0.4743853710418887,
        0.43914451247721303,
        0.48200051741455113
      ],
      "shuffle": [
        0.045194790952449715,
        0.23645490964908,
        -0.03502053118957124,
        0.013155091632479748,
        0.210163744904026,
        -0.09571489244360455,
        -0.15110879793340984,
        -0.23149228552605486,
        -0.22650717221447472,
        0.10658403788953573
      ],
      "advantages_cumV_over_cumText": [
        -0.004322211638827067,
        -0.015826491794914688,
        -0.04515415057715866,
        0.015985760534332538,
        0.08961005693454871,
        0.18176354818516438,
        0.21514099108470902,
        0.24263272506335154,
        0.24109183172240117,
        0.2161570193105839
      ]
    },
    "L24": {
      "cum_K": [
        0.6468960696436031,
        0.7026843682977967,
        0.7117221927706987,
        0.6584033826125775,
        0.6686954261814188,
        0.6247589920872992,
        0.6010425227613488,
        0.61589971309668,
        0.5041407246039549,
        0.535145622910882
      ],
      "cum_V": [
        0.7026069315016439,
        0.7265609969289984,
        0.7241977863185785,
        0.6606205720023088,
        0.6579265584000681,
        0.7183665048224718,
        0.7154902899889151,
        0.7088692561843911,
        0.685683892541046,
        0.675273269636462
      ],
      "cum_text": [
        0.6420687988160279,
        0.6967172330574448,
        0.7649831499214992,
        0.6768465186308967,
        0.6255359552683205,
        0.5399817238723045,
        0.49008923091462103,
        0.4743853710418887,
        0.43914451247721303,
        0.48200051741455113
      ],
      "shuffle": [
        -0.1387329257467714,
        -0.2510008135753334,
        -0.2410950758663544,
        0.03840287251076786,
        -0.24553049217309772,
        -0.1729440475571731,
        -0.18417992892908386,
        -0.04833048666321804,
        -0.23558510189193368,
        -0.17580049879356965
      ],
      "advantages_cumV_over_cumText": [
        0.06053813268561603,
        0.02984376387155363,
        -0.04078536360292073,
        -0.016225946628587895,
        0.032390603131747575,
        0.1783847809501673,
        0.22540105907429403,
        0.2344838851425024,
        0.24653938006383297,
        0.19327275222191082
      ]
    },
    "L31": {
      "cum_K": [
        0.5525338934890559,
        0.6780609747463731,
        0.7015265336004405,
        0.6312733111088089,
        0.6169421384681402,
        0.6154680217415964,
        0.5180421589048285,
        0.542570105715946,
        0.5357089308194657,
        0.5523102589649567
      ],
      "cum_V": [
        0.6000346720609,
        0.6592553098803899,
        0.7247190559051483,
        0.6833737580356475,
        0.6540338913726104,
        0.6988172270868692,
        0.5758650935451892,
        0.6777706917978972,
        0.6481768470969717,
        0.6310298677868224
      ],
      "cum_text": [
        0.6420687988160279,
        0.6967172330574448,
        0.7649831499214992,
        0.6768465186308967,
        0.6255359552683205,
        0.5399817238723045,
        0.49008923091462103,
        0.4743853710418887,
        0.43914451247721303,
        0.48200051741455113
      ],
      "shuffle": [
        -0.1434905801102513,
        -0.088493045922996,
        0.1214038998078685,
        -0.168530106904914,
        0.026053401666182134,
        -0.19141709230995785,
        -0.19677482263694301,
        0.26610057660816683,
        -0.19425668018044978,
        -0.03390426093610923
      ],
      "advantages_cumV_over_cumText": [
        -0.042034126755127854,
        -0.03746192317705488,
        -0.04026409401635089,
        0.006527239404750751,
        0.028497936104289856,
        0.15883550321456474,
        0.08577586263056819,
        0.20338532075600846,
        0.20903233461975862,
        0.14902935037227122
      ]
    }
  },
  "bootstrap_by_layer": {
    "L8": {
      "observed_mean_advantage": 0.08246620620534018,
      "ci_95_lower": -0.009028492199475302,
      "ci_95_upper": 0.1844161956859838,
      "p_value": 0.0365,
      "n_bootstrap": 2000,
      "n_positions_V_leads": 8
    },
    "L16": {
      "observed_mean_advantage": 0.1137079078824191,
      "ci_95_lower": 0.010904886430405264,
      "ci_95_upper": 0.23832034795802182,
      "p_value": 0.016,
      "n_bootstrap": 2000,
      "n_positions_V_leads": 7
    },
    "L24": {
      "observed_mean_advantage": 0.11438430469101162,
      "ci_95_lower": 0.03000664625414123,
      "ci_95_upper": 0.2115143422861489,
      "p_value": 0.003,
      "n_bootstrap": 2000,
      "n_positions_V_leads": 8
    },
    "L31": {
      "observed_mean_advantage": 0.07213234031536782,
      "ci_95_lower": -0.02564366329861136,
      "ci_95_upper": 0.1683686451892686,
      "p_value": 0.071,
      "n_bootstrap": 2000,
      "n_positions_V_leads": 7
    }
  },
  "layer_sweep": {
    "depths_pct": [
      26,
      52,
      77,
      100
    ],
    "mean_advantages": [
      0.08246620620534018,
      0.1137079078824191,
      0.11438430469101162,
      0.07213234031536782
    ]
  },