{
  "experiment": "exp_042_qwen_positional_sweep",
  "model": "Qwen/Qwen3-4B-Base",
  "num_layers": 36,
  "n_kv_heads": 8,
  "n_attn_heads": 32,
  "head_dim": 128,
  "architecture": "GQA",
  "n_valid": 25,
  "n_processed": 25,
  "n_skip_wrong": 0,
  "n_skip_trunc": 0,
  "conditions": [
    "decile_k_0",
    "decile_k_1",
    "decile_k_2",
    "decile_k_3",
    "decile_k_4",
    "decile_k_5",
    "decile_k_6",
    "decile_k_7",
    "decile_k_8",
    "decile_k_9",
    "decile_v_9"
  ],
  "aggregated": {
    "decile_k_0": {
      "n": 25,
      "n_correct": 1,
      "accuracy": 0.04,
      "text_accuracy": 0.1502762561996476,
      "clean_text_accuracy": 1.0,
      "accuracy_drop": 0.96,
      "text_drop": 0.8497237438003524,
      "dissociation": 0.11027625619964754,
      "wilson_ci_lo": 0.007096050386699169,
      "wilson_ci_hi": 0.19544472405022525,
      "k_rms": 154.4952217944031,
      "v_rms": 0.0,
      "k_signal_rms": 109.30534281590208,
      "v_signal_rms": 50.51275277030943
    },
    "decile_k_1": {
      "n": 25,
      "n_correct": 0,
      "accuracy": 0.0,
      "text_accuracy": 0.22233664355030644,
      "clean_text_accuracy": 1.0,
      "accuracy_drop": 1.0,
      "text_drop": 0.7776633564496935,
      "dissociation": 0.22233664355030647,
      "wilson_ci_lo": 0.0,
      "wilson_ci_hi": 0.13319649395317873,
      "k_rms": 152.6807780209312,
      "v_rms": 0.0,
      "k_signal_rms": 107.95305533160113,
      "v_signal_rms": 51.12539716574586
    },
    "decile_k_2": {
      "n": 25,
      "n_correct": 0,
      "accuracy": 0.0,
      "text_accuracy": 0.3240016433995892,
      "clean_text_accuracy": 1.0,
      "accuracy_drop": 1.0,
      "text_drop": 0.6759983566004109,
      "dissociation": 0.32400164339958915,
      "wilson_ci_lo": 0.0,
      "wilson_ci_hi": 0.13319649395317873,
      "k_rms": 153.45133792271588,
      "v_rms": 0.0,
      "k_signal_rms": 108.53348525438274,
      "v_signal_rms": 51.3108265637335
    },
    "decile_k_3": {
      "n": 25,
      "n_correct": 0,
      "accuracy": 0.0,
      "text_accuracy": 0.4257432924493326,
      "clean_text_accuracy": 1.0,
      "accuracy_drop": 1.0,
      "text_drop": 0.5742567075506674,
      "dissociation": 0.4257432924493326,
      "wilson_ci_lo": 0.0,
      "wilson_ci_hi": 0.13319649395317873,
      "k_rms": 152.93140080007998,
      "v_rms": 0.0,
      "k_signal_rms": 108.14746763661495,
      "v_signal_rms": 52.945937072011894
    },
    "decile_k_4": {
      "n": 25,
      "n_correct": 0,
      "accuracy": 0.0,
      "text_accuracy": 0.4923051883084365,
      "clean_text_accuracy": 1.0,
      "accuracy_drop": 1.0,
      "text_drop": 0.5076948116915635,
      "dissociation": 0.4923051883084365,
      "wilson_ci_lo": 0.0,
      "wilson_ci_hi": 0.13319649395317873,
      "k_rms": 152.40869689730107,
      "v_rms": 0.0,
      "k_signal_rms": 107.89148657863954,
      "v_signal_rms": 51.9784682604384
    },
    "decile_k_5": {
      "n": 25,
      "n_correct": 0,
      "accuracy": 0.0,
      "text_accuracy": 0.5995546755144755,
      "clean_text_accuracy": 1.0,
      "accuracy_drop": 1.0,
      "text_drop": 0.4004453244855245,
      "dissociation": 0.5995546755144755,
      "wilson_ci_lo": 0.0,
      "wilson_ci_hi": 0.13319649395317873,
      "k_rms": 153.20369871699958,
      "v_rms": 0.0,
      "k_signal_rms": 108.26091562652464,
      "v_signal_rms": 52.27120986679759
    },
    "decile_k_6": {
      "n": 25,
      "n_correct": 1,
      "accuracy": 0.04,
      "text_accuracy": 0.6838290961238753,
      "clean_text_accuracy": 1.0,
      "accuracy_drop": 0.96,
      "text_drop": 0.3161709038761247,
      "dissociation": 0.6438290961238753,
      "wilson_ci_lo": 0.007096050386699169,
      "wilson_ci_hi": 0.19544472405022525,
      "k_rms": 153.3297491450757,
      "v_rms": 0.0,
      "k_signal_rms": 108.39137229044368,
      "v_signal_rms": 51.31185882910905
    },
    "decile_k_7": {
      "n": 25,
      "n_correct": 0,
      "accuracy": 0.0,
      "text_accuracy": 0.7733754442452008,
      "clean_text_accuracy": 1.0,
      "accuracy_drop": 1.0,
      "text_drop": 0.22662455575479923,
      "dissociation": 0.7733754442452008,
      "wilson_ci_lo": 0.0,
      "wilson_ci_hi": 0.13319649395317873,
      "k_rms": 153.18070148531643,
      "v_rms": 0.0,
      "k_signal_rms": 108.30064118776953,
      "v_signal_rms": 51.385459154919666
    },
    "decile_k_8": {
      "n": 25,
      "n_correct": 0,
      "accuracy": 0.0,
      "text_accuracy": 0.8641087932794966,
      "clean_text_accuracy": 1.0,
      "accuracy_drop": 1.0,
      "text_drop": 0.13589120672050337,
      "dissociation": 0.8641087932794966,
      "wilson_ci_lo": 0.0,
      "wilson_ci_hi": 0.13319649395317873,
      "k_rms": 153.56750533016952,
      "v_rms": 0.0,
      "k_signal_rms": 108.53601442662767,
      "v_signal_rms": 50.761917946682715
    },
    "decile_k_9": {
      "n": 25,
      "n_correct": 1,
      "accuracy": 0.04,
      "text_accuracy": 0.9485673268783317,
      "clean_text_accuracy": 1.0,
      "accuracy_drop": 0.96,
      "text_drop": 0.051432673121668326,
      "dissociation": 0.9085673268783316,
      "wilson_ci_lo": 0.007096050386699169,
      "wilson_ci_hi": 0.19544472405022525,
      "k_rms": 153.7536306717458,
      "v_rms": 0.0,
      "k_signal_rms": 108.74648574670408,
      "v_signal_rms": 53.97921307281351
    },
    "decile_v_9": {
      "n": 25,
      "n_correct": 14,
      "accuracy": 0.56,
      "text_accuracy": 0.9569028727300654,
      "clean_text_accuracy": 1.0,
      "accuracy_drop": 0.43999999999999995,
      "text_drop": 0.04309712726993464,
      "dissociation": 0.3969028727300653,
      "wilson_ci_lo": 0.37067017019564436,
      "wilson_ci_hi": 0.7333462505299743,
      "k_rms": 0.0,
      "v_rms": 79.3615569304912,
      "k_signal_rms": 108.73986185218783,
      "v_signal_rms": 56.1011736610363
    }
  },
  "elapsed_seconds": 1562.8632922172546
}