{
  "experiment": "exp_043_llama_5pct_positional_sweep",
  "model": "meta-llama/Llama-3.1-8B-Instruct",
  "dose": "5% (50% sub-sample of each decile)",
  "num_layers": 32,
  "n_kv_heads": 8,
  "n_attn_heads": 32,
  "head_dim": 128,
  "architecture": "GQA",
  "n_valid": 38,
  "n_processed": 38,
  "n_skip_wrong": 13,
  "n_skip_trunc": 0,
  "conditions": [
    "decile_k_0",
    "decile_k_1",
    "decile_k_2",
    "decile_k_3",
    "decile_k_4",
    "decile_k_5",
    "decile_k_6",
    "decile_k_7",
    "decile_k_8",
    "decile_k_9",
    "decile_v_9"
  ],
  "aggregated": {
    "decile_k_0": {
      "n": 38,
      "n_correct": 0,
      "accuracy": 0.0,
      "text_accuracy": 0.1339081976954075,
      "clean_text_accuracy": 1.0,
      "accuracy_drop": 1.0,
      "text_drop": 0.8660918023045925,
      "dissociation": 0.13390819769540752,
      "wilson_ci_lo": 0.0,
      "wilson_ci_hi": 0.09181293258383999,
      "mean_effective_dose": 0.0438011199634861,
      "k_rms": 96.15013463938993,
      "v_rms": 0.0,
      "k_signal_rms": 67.99086960238377,
      "v_signal_rms": 10.64226119144719
    },
    "decile_k_1": {
      "n": 38,
      "n_correct": 1,
      "accuracy": 0.02631578947368421,
      "text_accuracy": 0.2249768907435668,
      "clean_text_accuracy": 1.0,
      "accuracy_drop": 0.9736842105263158,
      "text_drop": 0.7750231092564333,
      "dissociation": 0.19866110126988257,
      "wilson_ci_lo": 0.004660467553530053,
      "wilson_ci_hi": 0.13495178436800256,
      "mean_effective_dose": 0.04682954339475041,
      "k_rms": 95.70060551438478,
      "v_rms": 0.0,
      "k_signal_rms": 67.67684955647891,
      "v_signal_rms": 10.76068186038806
    },
    "decile_k_2": {
      "n": 38,
      "n_correct": 1,
      "accuracy": 0.02631578947368421,
      "text_accuracy": 0.32394082631677357,
      "clean_text_accuracy": 1.0,
      "accuracy_drop": 0.9736842105263158,
      "text_drop": 0.6760591736832264,
      "dissociation": 0.2976250368430894,
      "wilson_ci_lo": 0.004660467553530053,
      "wilson_ci_hi": 0.13495178436800256,
      "mean_effective_dose": 0.04517085632968498,
      "k_rms": 96.49422980626645,
      "v_rms": 0.0,
      "k_signal_rms": 68.25261764845685,
      "v_signal_rms": 10.819521692967443
    },
    "decile_k_3": {
      "n": 38,
      "n_correct": 0,
      "accuracy": 0.0,
      "text_accuracy": 0.4060668499165297,
      "clean_text_accuracy": 1.0,
      "accuracy_drop": 1.0,
      "text_drop": 0.5939331500834704,
      "dissociation": 0.40606684991652964,
      "wilson_ci_lo": 0.0,
      "wilson_ci_hi": 0.09181293258383999,
      "mean_effective_dose": 0.0480139149193527,
      "k_rms": 96.09674883472228,
      "v_rms": 0.0,
      "k_signal_rms": 67.95705737380185,
      "v_signal_rms": 10.78870335300731
    },
    "decile_k_4": {
      "n": 38,
      "n_correct": 1,
      "accuracy": 0.02631578947368421,
      "text_accuracy": 0.5004711865549569,
      "clean_text_accuracy": 1.0,
      "accuracy_drop": 0.9736842105263158,
      "text_drop": 0.4995288134450431,
      "dissociation": 0.47415539708127274,
      "wilson_ci_lo": 0.004660467553530053,
      "wilson_ci_hi": 0.13495178436800256,
      "mean_effective_dose": 0.04700741517234517,
      "k_rms": 96.97385180966522,
      "v_rms": 0.0,
      "k_signal_rms": 68.58974834010667,
      "v_signal_rms": 10.822452811323492
    },
    "decile_k_5": {
      "n": 38,
      "n_correct": 1,
      "accuracy": 0.02631578947368421,
      "text_accuracy": 0.6061874932952955,
      "clean_text_accuracy": 1.0,
      "accuracy_drop": 0.9736842105263158,
      "text_drop": 0.39381250670470447,
      "dissociation": 0.5798717038216114,
      "wilson_ci_lo": 0.004660467553530053,
      "wilson_ci_hi": 0.13495178436800256,
      "mean_effective_dose": 0.044151997156468566,
      "k_rms": 96.28882031201124,
      "v_rms": 0.0,
      "k_signal_rms": 68.07112687461499,
      "v_signal_rms": 10.657114777695101
    },
    "decile_k_6": {
      "n": 38,
      "n_correct": 0,
      "accuracy": 0.0,
      "text_accuracy": 0.6884956489941043,
      "clean_text_accuracy": 1.0,
      "accuracy_drop": 1.0,
      "text_drop": 0.3115043510058957,
      "dissociation": 0.6884956489941043,
      "wilson_ci_lo": 0.0,
      "wilson_ci_hi": 0.09181293258383999,
      "mean_effective_dose": 0.04766303772637024,
      "k_rms": 96.77171403406764,
      "v_rms": 0.0,
      "k_signal_rms": 68.44961146138708,
      "v_signal_rms": 10.635178208988332
    },
    "decile_k_7": {
      "n": 38,
      "n_correct": 3,
      "accuracy": 0.07894736842105263,
      "text_accuracy": 0.7781697991447224,
      "clean_text_accuracy": 1.0,
      "accuracy_drop": 0.9210526315789473,
      "text_drop": 0.2218302008552776,
      "dissociation": 0.6992224307236697,
      "wilson_ci_lo": 0.027214101394264924,
      "wilson_ci_hi": 0.2079967892026529,
      "mean_effective_dose": 0.045521733522667446,
      "k_rms": 95.53520856699004,
      "v_rms": 0.0,
      "k_signal_rms": 67.54561880837828,
      "v_signal_rms": 10.620874737130768
    },
    "decile_k_8": {
      "n": 38,
      "n_correct": 1,
      "accuracy": 0.02631578947368421,
      "text_accuracy": 0.8662543749566418,
      "clean_text_accuracy": 1.0,
      "accuracy_drop": 0.9736842105263158,
      "text_drop": 0.13374562504335819,
      "dissociation": 0.8399385854829576,
      "wilson_ci_lo": 0.004660467553530053,
      "wilson_ci_hi": 0.13495178436800256,
      "mean_effective_dose": 0.04647866620176795,
      "k_rms": 96.85893109627193,
      "v_rms": 0.0,
      "k_signal_rms": 68.51029709019166,
      "v_signal_rms": 10.716324606435638
    },
    "decile_k_9": {
      "n": 38,
      "n_correct": 6,
      "accuracy": 0.15789473684210525,
      "text_accuracy": 0.9598239558765137,
      "clean_text_accuracy": 1.0,
      "accuracy_drop": 0.8421052631578947,
      "text_drop": 0.0401760441234863,
      "dissociation": 0.8019292190344084,
      "wilson_ci_lo": 0.07443762223722684,
      "wilson_ci_hi": 0.30417122637276883,
      "mean_effective_dose": 0.049548728150785856,
      "k_rms": 97.07918737541156,
      "v_rms": 0.0,
      "k_signal_rms": 68.6485607146843,
      "v_signal_rms": 10.703557921471555
    },
    "decile_v_9": {
      "n": 38,
      "n_correct": 35,
      "accuracy": 0.9210526315789473,
      "text_accuracy": 0.9809263760458761,
      "clean_text_accuracy": 1.0,
      "accuracy_drop": 0.07894736842105265,
      "text_drop": 0.01907362395412393,
      "dissociation": 0.059873744466928724,
      "wilson_ci_lo": 0.792003210797347,
      "wilson_ci_hi": 0.9727858986057349,
      "mean_effective_dose": 0.049548728150785856,
      "k_rms": 0.0,
      "v_rms": 14.926289384465012,
      "k_signal_rms": 68.55716253433265,
      "v_signal_rms": 10.559610278163655
    }
  },
  "elapsed_seconds": 1529.3119218349457
}