{
  "config": {
    "model": "Qwen/Qwen3-8B-Base",
    "n_problems": 250,
    "n_generated": 250,
    "n_correct": 224,
    "n_extracted": 224,
    "accuracy": 89.6,
    "probe_layers": [
      18,
      27
    ],
    "n_layers": 36,
    "kv_dim": 1024,
    "kv_heads": 8,
    "head_dim": 128,
    "arch_type": "GQA",
    "n_bins": 20,
    "n_folds": 5,
    "max_nums_dim": 30,
    "nums_feat_dim": 36,
    "n_bootstrap": 300,
    "seed": 42
  },
  "results": {
    "L18": {
      "V_R": [
        0.3157439166190539,
        0.2668949756254299,
        0.18619275278658073,
        0.2573145076826354,
        0.29657001111304504,
        0.3320211906563478,
        0.2665469112139201,
        0.37625318054852497,
        0.44494750466505817,
        0.31113757181481055,
        0.3103185454759416,
        0.34157914487210256,
        0.3810287358304661,
        0.3554131595076587,
        0.42124094345043195,
        0.5280330228596363,
        0.5251334936107381,
        0.6350450351474166,
        0.7435303013975785,
        0.7407930261812955
      ],
      "K_R": [
        0.3571397381911923,
        0.30490842312320465,
        0.19415553783714784,
        0.32084726419646287,
        0.29061361348465614,
        0.31216430985089416,
        0.10314098000075887,
        0.3802036297046744,
        0.42121083991991687,
        0.2166213809081437,
        0.3153283273157728,
        0.29736879070335454,
        0.3591833502546481,
        0.3228264431220697,
        0.44831152691306214,
        0.5071478683020427,
        0.5391790302744874,
        0.573917085494016,
        0.6971515751155228,
        0.6591152170627774
      ],
      "nums_R": [
        0.3895514256606294,
        0.40258990476457274,
        0.2777247548692236,
        0.44241430178174584,
        0.46201783742051217,
        0.22333770591152408,
        0.4719839111721784,
        0.36379779976142784,
        0.4546177239282338,
        0.41901401349191686,
        0.47988798706500485,
        0.4983806614833888,
        0.36551221235070136,
        0.4668853924067485,
        0.3716797747966151,
        0.27216263498363,
        0.4755319403117813,
        0.5917882159803066,
        0.6058596740393939,
        0.569094255467252
      ],
      "V_nums_R": [
        0.21314822507399842,
        0.20127473040033766,
        0.08474654853400196,
        0.1871473258628796,
        0.23526705684230886,
        0.027438662395542386,
        0.1917178757909433,
        0.27607338555295996,
        0.27838566172567264,
        0.1005224511806214,
        0.10416325190346999,
        0.16658539960596885,
        0.280956838347432,
        0.22530092821753003,
        0.3101792079472135,
        0.3141987240316786,
        0.12989403003210126,
        0.350863796772512,
        0.487624847788114,
        0.391605454707282
      ],
      "K_nums_R": [
        0.166135866861589,
        0.16872004265230434,
        -0.05483422822129829,
        0.2635409984167973,
        0.1677543758814947,
        -0.07687872702147633,
        0.1914598925352402,
        0.34238875434892596,
        0.34167975495327946,
        0.09772197445918308,
        0.10718070266775993,
        0.035218775869143536,
        0.15751515447075948,
        0.24946072022332336,
        0.33240833230399286,
        0.35529159167737795,
        0.2188121890666914,
        0.3592735832302163,
        0.42166381693983646,
        0.4012540102811368
      ],
      "shuffle_R": [
        0.032478562917440196,
        -0.01926329356713891,
        0.0043509695232887,
        0.1330299900582851,
        -0.05037877246355825,
        -0.04566682042363201,
        -0.16322266569723803,
        0.06314618295378914,
        0.0828713270137423,
        0.08439143594069749,
        0.03659826492969749,
        0.0499332167112005,
        0.06797307825460226,
        -0.042754926301579316,
        -0.02557449715269219,
        -0.03281444404230329,
        -0.054001621027487776,
        0.03701511167132148,
        -0.03225615105521393,
        -0.04652455592988547
      ],
      "n_samples": [
        1081.0,
        981.0,
        992.0,
        949.0,
        975.0,
        1012.0,
        972.0,
        955.0,
        1002.0,
        924.0,
        1017.0,
        1010.0,
        955.0,
        989.0,
        946.0,
        983.0,
        998.0,
        967.0,
        998.0,
        857.0
      ],
      "n_groups": [
        224.0,
        224.0,
        224.0,
        224.0,
        224.0,
        224.0,
        224.0,
        224.0,
        224.0,
        224.0,
        224.0,
        224.0,
        224.0,
        224.0,
        224.0,
        224.0,
        224.0,
        224.0,
        224.0,
        224.0
      ]
    },
    "L27": {
      "V_R": [
        0.3764827768904945,
        0.2928545532092513,
        0.26631936102364717,
        0.418978914984732,
        0.3807581538468742,
        0.4199721550325287,
        0.27870126786285043,
        0.42425801829755727,
        0.5067172966561564,
        0.32844060147960913,
        0.4362837296604306,
        0.46940416269005786,
        0.419605977072166,
        0.3989143593635188,
        0.47507447592369745,
        0.626092104604,
        0.6446033774189074,
        0.6990160089508328,
        0.7782765675668908,
        0.7339423273601525
      ],
      "K_R": [
        0.3447724110835153,
        0.3150973917922313,
        0.3004468163633265,
        0.3798725761353973,
        0.38121885449217935,
        0.4207598717121443,
        0.23605834894271616,
        0.3236302932703384,
        0.39386113687014646,
        0.22419863567258458,
        0.28032664717862765,
        0.26654669533691394,
        0.376185948605244,
        0.296694020224669,
        0.40615065128186095,
        0.46413753812663905,
        0.6082398320430731,
        0.6753362659473251,
        0.6889221100040684,
        0.6937118765697019
      ],
      "nums_R": [
        0.3895514256606294,
        0.40258990476457274,
        0.2777247548692236,
        0.44241430178174584,
        0.46201783742051217,
        0.22333770591152408,
        0.4719839111721784,
        0.36379779976142784,
        0.4546177239282338,
        0.41901401349191686,
        0.47988798706500485,
        0.4983806614833888,
        0.36551221235070136,
        0.4668853924067485,
        0.3716797747966151,
        0.27216263498363,
        0.4755319403117813,
        0.5917882159803066,
        0.6058596740393939,
        0.569094255467252
      ],
      "V_nums_R": [
        0.2183706034768419,
        0.21076008860021397,
        0.22115400666635388,
        0.3157873771616372,
        0.19777089719005217,
        0.05610958080989747,
        0.19132361258843664,
        0.233420997704968,
        0.3110927723278352,
        0.16729121266957062,
        0.05434228697168144,
        0.23390779537886747,
        0.21226383185846368,
        0.17260472752636782,
        0.2847560640207219,
        0.4783189918041973,
        0.29135002474032956,
        0.4100358337454762,
        0.44737781904244206,
        0.37930922953815405
      ],
      "K_nums_R": [
        0.19099634152991737,
        0.2290874800140755,
        0.1099057699165603,
        0.27565249228657085,
        0.16270079835074944,
        -0.06244676021453877,
        0.20195892956244094,
        0.20647407228460662,
        0.2207490715746721,
        0.12372671912540817,
        0.036900683106233706,
        0.05750477890485283,
        0.19265868138954753,
        0.14275563158793117,
        0.229796423102632,
        0.3608761973818704,
        0.27616355522885827,
        0.36276936529241693,
        0.3484524154639712,
        0.40564451590476486
      ],