{
  "model": "Qwen/Qwen3-4B-Base",
  "n_problems": 173,
  "n_q_heads": 32,
  "n_kv_heads": 8,
  "group_size": 4,
  "n_layers": 36,
  "layers_probed": [
    0,
    5,
    9,
    14,
    18,
    23,
    27,
    31,
    35
  ],
  "n_bins": 20,
  "n_control_steps": 5,
  "kv_late_shift": {
    "layer": 18,
    "heads": {
      "0": {
        "ans": 0.5080164231015423,
        "ctrl": 0.5416555032154243,
        "diff": -0.03363908011388206,
        "p": 0.0
      },
      "1": {
        "ans": 0.44925856747465326,
        "ctrl": 0.3316848246491046,
        "diff": 0.1175737428255487,
        "p": 0.0
      },
      "2": {
        "ans": 0.5377814608028514,
        "ctrl": 0.21810122128665455,
        "diff": 0.3196802395161968,
        "p": 0.0
      },
      "3": {
        "ans": 0.6075749812766135,
        "ctrl": 0.2475105090776049,
        "diff": 0.3600644721990085,
        "p": 0.0
      },
      "4": {
        "ans": 0.5738124099770033,
        "ctrl": 0.3136407782992542,
        "diff": 0.26017163167774915,
        "p": 0.0
      },
      "5": {
        "ans": 0.42280463612977565,
        "ctrl": 0.19438831975143217,
        "diff": 0.2284163163783435,
        "p": 0.0
      },
      "6": {
        "ans": 0.5206505497325362,
        "ctrl": 0.3264607020760106,
        "diff": 0.1941898476565257,
        "p": 0.0
      },
      "7": {
        "ans": 0.4400772531543767,
        "ctrl": 0.23935241978124291,
        "diff": 0.20072483337313377,
        "p": 0.0
      }
    }
  },
  "entropy_summary": {
    "0": {
      "answer_mean": 6.693413110970415,
      "control_mean": 5.4827598157596125,
      "h5_answer": 6.8007328903054916,
      "h5_control": 4.364675214864795,
      "h0_answer": 3.9240149524294354,
      "h0_control": 3.922592484979181
    },
    "5": {
      "answer_mean": 4.363379747095394,
      "control_mean": 4.22306970499141,
      "h5_answer": 3.180014449047904,
      "h5_control": 3.9867327898439298,
      "h0_answer": 5.1947896204931885,
      "h0_control": 4.834702184727426
    },
    "9": {
      "answer_mean": 3.2190295963499675,
      "control_mean": 2.7005969730330452,
      "h5_answer": 4.328966955573573,
      "h5_control": 3.7026192948049896,
      "h0_answer": 4.006300423531174,
      "h0_control": 3.1900185303536457
    },
    "14": {
      "answer_mean": 3.501966814300573,
      "control_mean": 3.6317316225673357,
      "h5_answer": 2.1911179137367736,
      "h5_control": 2.5492471174503857,
      "h0_answer": 1.8565597143131873,
      "h0_control": 2.213983058137012
    },
    "18": {
      "answer_mean": 4.639028946476089,
      "control_mean": 4.645846917032334,
      "h5_answer": 4.917116566889548,
      "h5_control": 5.070673887664182,
      "h0_answer": 3.6563471559155194,
      "h0_control": 3.7762461979609694
    },
    "23": {
      "answer_mean": 3.848753389127208,
      "control_mean": 3.847251007949524,
      "h5_answer": 4.2331120140979746,
      "h5_control": 4.183339766064131,
      "h0_answer": 3.0978755907860798,
      "h0_control": 3.4099955746376445
    },
    "27": {
      "answer_mean": 2.3903039747558408,
      "control_mean": 2.743053669137934,
      "h5_answer": 1.5051308598132491,
      "h5_control": 2.118101125145923,
      "h0_answer": 1.2475015422856877,
      "h0_control": 2.017733908655671
    },
    "31": {
      "answer_mean": 2.0896098657344293,
      "control_mean": 2.265686835770662,
      "h5_answer": 1.102365358371955,
      "h5_control": 1.5597162174610046,
      "h0_answer": 1.1418443031910528,
      "h0_control": 1.411120057106018
    },
    "35": {
      "answer_mean": 2.312632486064019,
      "control_mean": 2.363723717469956,
      "h5_answer": 1.6874160276930454,
      "h5_control": 2.441144378603883,
      "h0_answer": 1.905689141567732,
      "h0_control": 1.9561217950823893
    }
  },
  "attention_profiles": {
    "H0_answer": [
      0.003427159905435989,
      0.0018235559862868984,
      0.002209023861844094,
      0.0026937104041282003,
      0.002635154618020099,
      0.0030919347805828394,
      0.003196877707629656,
      0.0037120477330314984,
      0.004124356735903842,
      0.005901383131348314,
      0.004855935467034309,
      0.006078853044345245,
      0.0064409171208053995,
      0.008428710213995324,
      0.011122812121046955,
      0.012960082420607309,
      0.017666388511710034,
      0.033430469239021605,
      0.06423217513278191,
      0.36860449529236794
    ],
    "H0_control": [
      0.009408511851539368,
      0.0077929736004280475,
      0.005178328165883885,
      0.005323750706707374,
      0.005915356950330037,
      0.005894798676960561,
      0.006693178479623066,
      0.008530827330828678,
      0.009467641611083313,
      0.014265103584394069,
      0.012958448664426083,
      0.016258215941406837,
      0.01848252793437906,
      0.022938207949436733,
      0.03127405484070929,
      0.036608623338668496,
      0.046781381551895956,
      0.07367458713775919,
      0.12036014376568803,
      0.23295671314937622
    ],
    "H1_answer": [
      0.008496265703219399,
      0.006395163629796415,
      0.008032340127884955,
      0.00911204605421454,
      0.009494268426782571,
      0.010105214331884002,
      0.009618785422316319,
      0.010148360172876361,
      0.010441893717536078,
      0.01359705049831826,
      0.013060606699677051,
      0.015053003709950866,
      0.015730433761099463,
      0.021377054224098375,
      0.024651591407851454,
      0.028270178912878093,
      0.035731250592985195,
      0.05190876632573525,
      0.06788576968152862,
      0.24081100929781493
    ],
    "H1_control": [
      0.006996721918023344,
      0.009076307219974053,
      0.009150487340882004,
      0.010027085947758274,
      0.010493507152649004,
      0.00997976131297676,
      0.011813011685846926,
      0.012918549566781757,
      0.012925613370509195,
      0.01657918713870361,
      0.01392238873367732,
      0.017770981594874845,
      0.017492864904251865,
      0.020010007821604434,
      0.024071927323345562,
      0.023842335547038795,
      0.026156544273975336,
      0.0347904827207587,
      0.04445144119604791,
      0.1783720935451949
    ],
    "H2_answer": [
      0.006726186301184393,
      0.005062227451703962,
      0.006487592882819096,
      0.008345660345127195,
      0.008563242217261213,
      0.00938077581096057,
      0.00976891809858441,
      0.011253722087872777,
      0.011260530395034853,
      0.013848412732746469,
      0.01204644484849037,
      0.013647410737749626,
      0.014180847079842351,
      0.021995102877427845,
      0.025754136736726798,
      0.031187844065332926,
      0.04425005753715711,
      0.07158237449203031,
      0.11735881421502378,
      0.24764823312386655
    ],
    "H2_control": [
      0.00936730558174016,
      0.009162207325537259,
      0.00937171849464605,
      0.010408676339554791,
      0.011076462969251882,
      0.010393735184329907,
      0.01223669118191419,
      0.012949428547607089,
      0.013640437855271045,
      0.01682861844307974,
      0.01508257783769592,
      0.018647314331396866,
      0.019072886000881514,
      0.022626915158125024,
      0.027006646181093837,
      0.02706001001949758,
      0.03238692742596389,
      0.03897340969398674,
      0.043118382784673136,
      0.04955584544824751
    ],
    "H3_answer": [
      0.0037057187032291817,
      0.0037204754724145038,
      0.0045935988125477565,
      0.005530061380450811,
      0.006384147359515978,
      0.007654220167188343,
      0.007457013828976241,
      0.008998919132434327,
      0.009724915159629198,
      0.011651217978899463,
      0.010923199639400097,
      0.012654595008485798,
      0.013596766608768221,
      0.02281608243483157,
      0.02565977825894267,
      0.029362186424153367,
      0.047222557910593536,
      0.0972901134362978,
      0.19805712890360092,
      0.20998321663025724
    ],