{
  "experiment": "exp_046_llama_per_head_kv_perturbation",
  "model": "meta-llama/Llama-3.1-8B-Instruct",
  "num_layers": 32,
  "n_kv_heads": 8,
  "n_attn_heads": 32,
  "head_dim": 128,
  "architecture": "GQA",
  "n_valid": 33,
  "n_processed": 33,
  "n_skip_wrong": 9,
  "n_skip_trunc": 0,
  "conditions": [
    "head_k_0",
    "head_k_1",
    "head_k_2",
    "head_k_3",
    "head_k_4",
    "head_k_5",
    "head_k_6",
    "head_k_7",
    "head_v_0",
    "head_v_1",
    "head_v_2",
    "head_v_3",
    "head_v_4",
    "head_v_5",
    "head_v_6",
    "head_v_7"
  ],
  "aggregated": {
    "head_k_0": {
      "n": 33,
      "n_correct": 21,
      "accuracy": 0.6363636363636364,
      "text_accuracy": 0.7659450310951634,
      "clean_text_accuracy": 1.0,
      "accuracy_drop": 0.36363636363636365,
      "text_drop": 0.23405496890483657,
      "dissociation": 0.12958139473152708,
      "wilson_ci_lo": 0.46615872621534094,
      "wilson_ci_hi": 0.7781303383204012,
      "perturb_rms": 34.47863129638456,
      "signal_rms": 24.37895035915056
    },
    "head_k_1": {
      "n": 33,
      "n_correct": 20,
      "accuracy": 0.6060606060606061,
      "text_accuracy": 0.7531000778902764,
      "clean_text_accuracy": 1.0,
      "accuracy_drop": 0.3939393939393939,
      "text_drop": 0.24689992210972356,
      "dissociation": 0.14703947182967037,
      "wilson_ci_lo": 0.4368314280651038,
      "wilson_ci_hi": 0.7531711776849179,
      "perturb_rms": 33.535445733228585,
      "signal_rms": 23.720699591739447
    },
    "head_k_2": {
      "n": 33,
      "n_correct": 12,
      "accuracy": 0.36363636363636365,
      "text_accuracy": 0.7196502170524076,
      "clean_text_accuracy": 1.0,
      "accuracy_drop": 0.6363636363636364,
      "text_drop": 0.2803497829475924,
      "dissociation": 0.35601385341604397,
      "wilson_ci_lo": 0.22186966167959873,
      "wilson_ci_hi": 0.5338412737846591,
      "perturb_rms": 35.36633574640385,
      "signal_rms": 25.01173133316874
    },
    "head_k_3": {
      "n": 33,
      "n_correct": 9,
      "accuracy": 0.2727272727272727,
      "text_accuracy": 0.7518698598913909,
      "clean_text_accuracy": 1.0,
      "accuracy_drop": 0.7272727272727273,
      "text_drop": 0.24813014010860912,
      "dissociation": 0.47914258716411817,
      "wilson_ci_lo": 0.1506727265632281,
      "wilson_ci_hi": 0.44217883254386814,
      "perturb_rms": 34.18035277001981,
      "signal_rms": 24.16950430402229
    },
    "head_k_4": {
      "n": 33,
      "n_correct": 17,
      "accuracy": 0.5151515151515151,
      "text_accuracy": 0.6657403217706799,
      "clean_text_accuracy": 1.0,
      "accuracy_drop": 0.48484848484848486,
      "text_drop": 0.3342596782293201,
      "dissociation": 0.15058880661916474,
      "wilson_ci_lo": 0.35218104586210247,
      "wilson_ci_hi": 0.6749621835307578,
      "perturb_rms": 33.33983953379815,
      "signal_rms": 23.5702191138642
    },
    "head_k_5": {
      "n": 33,
      "n_correct": 6,
      "accuracy": 0.18181818181818182,
      "text_accuracy": 0.6516280229224306,
      "clean_text_accuracy": 1.0,
      "accuracy_drop": 0.8181818181818181,
      "text_drop": 0.3483719770775694,
      "dissociation": 0.4698098411042487,
      "wilson_ci_lo": 0.08610651225698264,
      "wilson_ci_hi": 0.3438856704929522,
      "perturb_rms": 33.424829534139484,
      "signal_rms": 23.63089345777642
    },
    "head_k_6": {
      "n": 33,
      "n_correct": 17,
      "accuracy": 0.5151515151515151,
      "text_accuracy": 0.6652955641980155,
      "clean_text_accuracy": 1.0,
      "accuracy_drop": 0.48484848484848486,
      "text_drop": 0.3347044358019845,
      "dissociation": 0.15014404904650036,
      "wilson_ci_lo": 0.35218104586210247,
      "wilson_ci_hi": 0.6749621835307578,
      "perturb_rms": 37.16230424699,
      "signal_rms": 26.27054751884216
    },
    "head_k_7": {
      "n": 33,
      "n_correct": 30,
      "accuracy": 0.9090909090909091,
      "text_accuracy": 0.8558981299805037,
      "clean_text_accuracy": 1.0,
      "accuracy_drop": 0.09090909090909094,
      "text_drop": 0.14410187001949626,
      "dissociation": -0.05319277911040532,
      "wilson_ci_lo": 0.7642705646564896,
      "wilson_ci_hi": 0.968596628950737,
      "perturb_rms": 34.608959776187646,
      "signal_rms": 24.468974147278136
    },
    "head_v_0": {
      "n": 33,
      "n_correct": 33,
      "accuracy": 1.0,
      "text_accuracy": 0.9650386654930382,
      "clean_text_accuracy": 1.0,
      "accuracy_drop": 0.0,
      "text_drop": 0.034961334506961816,
      "dissociation": -0.034961334506961816,
      "wilson_ci_lo": 0.8957265699643882,
      "wilson_ci_hi": 1.0,
      "perturb_rms": 4.767959242804215,
      "signal_rms": 3.3722508710245
    },
    "head_v_1": {
      "n": 33,
      "n_correct": 33,
      "accuracy": 1.0,
      "text_accuracy": 0.9711365062491831,
      "clean_text_accuracy": 1.0,
      "accuracy_drop": 0.0,
      "text_drop": 0.02886349375081687,
      "dissociation": -0.02886349375081687,
      "wilson_ci_lo": 0.8957265699643882,
      "wilson_ci_hi": 1.0,
      "perturb_rms": 5.43965035254159,
      "signal_rms": 3.845786425052265
    },
    "head_v_2": {
      "n": 33,
      "n_correct": 33,
      "accuracy": 1.0,
      "text_accuracy": 0.9555252640520172,
      "clean_text_accuracy": 1.0,
      "accuracy_drop": 0.0,
      "text_drop": 0.04447473594798279,
      "dissociation": -0.04447473594798279,
      "wilson_ci_lo": 0.8957265699643882,
      "wilson_ci_hi": 1.0,
      "perturb_rms": 4.742733391560474,
      "signal_rms": 3.3535808138104075
    },
    "head_v_3": {
      "n": 33,
      "n_correct": 33,
      "accuracy": 1.0,
      "text_accuracy": 0.9517583466412566,
      "clean_text_accuracy": 1.0,
      "accuracy_drop": 0.0,
      "text_drop": 0.04824165335874342,
      "dissociation": -0.04824165335874342,
      "wilson_ci_lo": 0.8957265699643882,
      "wilson_ci_hi": 1.0,
      "perturb_rms": 5.862295916065653,
      "signal_rms": 4.1463985694190475
    },
    "head_v_4": {
      "n": 33,
      "n_correct": 33,
      "accuracy": 1.0,
      "text_accuracy": 0.9634720348740036,
      "clean_text_accuracy": 1.0,
      "accuracy_drop": 0.0,
      "text_drop": 0.03652796512599643,
      "dissociation": -0.03652796512599643,
      "wilson_ci_lo": 0.8957265699643882,
      "wilson_ci_hi": 1.0,
      "perturb_rms": 5.000575573357398,
      "signal_rms": 3.5355851573997605
    },
    "head_v_5": {
      "n": 33,
      "n_correct": 33,
      "accuracy": 1.0,
      "text_accuracy": 0.9560459104102841,
      "clean_text_accuracy": 1.0,
      "accuracy_drop": 0.0,
      "text_drop": 0.04395408958971592,
      "dissociation": -0.04395408958971592,
      "wilson_ci_lo": 0.8957265699643882,
      "wilson_ci_hi": 1.0,
      "perturb_rms": 5.454403148801361,
      "signal_rms": 3.8571720568789902
    },
    "head_v_6": {
      "n": 33,
      "n_correct": 33,
      "accuracy": 1.0,
      "text_accuracy": 0.9610175782415614,
      "clean_text_accuracy": 1.0,
      "accuracy_drop": 0.0,
      "text_drop": 0.03898242175843858,
      "dissociation": -0.03898242175843858,
      "wilson_ci_lo": 0.8957265699643882,
      "wilson_ci_hi": 1.0,
      "perturb_rms": 5.174623202858127,
      "signal_rms": 3.659244612029938
    },
    "head_v_7": {
      "n": 33,
      "n_correct": 33,
      "accuracy": 1.0,
      "text_accuracy": 0.9540923005223247,
      "clean_text_accuracy": 1.0,
      "accuracy_drop": 0.0,
      "text_drop": 0.04590769947767526,
      "dissociation": -0.04590769947767526,
      "wilson_ci_lo": 0.8957265699643882,
      "wilson_ci_hi": 1.0,
      "perturb_rms": 4.925097792629069,
      "signal_rms": 3.4824989709054104
    }
  },
  "elapsed_seconds": 1503.6932957172394
}