{
  "model": "mistralai/Mistral-7B-v0.3",
  "n_problems": 80,
  "n_attempted": 193,
  "n_position_bins": 10,
  "probe_layers": [
    8,
    16,
    24,
    31
  ],
  "n_layers": 32,
  "hidden_size": 4096,
  "kv_dim": 1024,
  "n_kv_heads": 8,
  "head_dim": 128,
  "best_layer_cum": 8,
  "best_layer_bin": 24,
  "answer_stats": {
    "min": 3.0,
    "max": 70000.0,
    "mean": 1264.8625,
    "std": 7988.5984405021745,
    "n_unique": 59
  },
  "probe_results": {
    "K_cum_L8_b0": {
      "r": 0.6462,
      "p": 0.0
    },
    "V_cum_L8_b0": {
      "r": 0.6222,
      "p": 0.0
    },
    "shuffle_cum_L8_b0": {
      "r": -0.1682,
      "p": 0.135924
    },
    "K_cum_L8_b1": {
      "r": 0.7779,
      "p": 0.0
    },
    "V_cum_L8_b1": {
      "r": 0.7398,
      "p": 0.0
    },
    "shuffle_cum_L8_b1": {
      "r": -0.3621,
      "p": 0.000965
    },
    "K_cum_L8_b2": {
      "r": 0.6968,
      "p": 0.0
    },
    "V_cum_L8_b2": {
      "r": 0.7503,
      "p": 0.0
    },
    "shuffle_cum_L8_b2": {
      "r": -0.446,
      "p": 3.4e-05
    },
    "K_cum_L8_b3": {
      "r": 0.5861,
      "p": 0.0
    },
    "V_cum_L8_b3": {
      "r": 0.5677,
      "p": 0.0
    },
    "shuffle_cum_L8_b3": {
      "r": -0.119,
      "p": 0.2929
    },
    "K_cum_L8_b4": {
      "r": 0.6388,
      "p": 0.0
    },
    "V_cum_L8_b4": {
      "r": 0.5266,
      "p": 1e-06
    },
    "shuffle_cum_L8_b4": {
      "r": -0.2487,
      "p": 0.026129
    },
    "K_cum_L8_b5": {
      "r": 0.4713,
      "p": 1e-05
    },
    "V_cum_L8_b5": {
      "r": 0.5747,
      "p": 0.0
    },
    "shuffle_cum_L8_b5": {
      "r": 0.0056,
      "p": 0.96103
    },
    "K_cum_L8_b6": {
      "r": 0.384,
      "p": 0.000437
    },
    "V_cum_L8_b6": {
      "r": 0.5682,
      "p": 0.0
    },
    "shuffle_cum_L8_b6": {
      "r": -0.3276,
      "p": 0.003017
    },
    "K_cum_L8_b7": {
      "r": 0.5097,
      "p": 1e-06
    },
    "V_cum_L8_b7": {
      "r": 0.5861,
      "p": 0.0
    },
    "shuffle_cum_L8_b7": {
      "r": 0.014,
      "p": 0.902082
    },
    "K_cum_L8_b8": {
      "r": 0.499,
      "p": 2e-06
    },
    "V_cum_L8_b8": {
      "r": 0.5725,
      "p": 0.0
    },
    "shuffle_cum_L8_b8": {
      "r": -0.2717,
      "p": 0.014755
    },
    "K_cum_L8_b9": {
      "r": 0.5395,
      "p": 0.0
    },
    "V_cum_L8_b9": {
      "r": 0.5816,
      "p": 0.0
    },
    "shuffle_cum_L8_b9": {
      "r": -0.1841,
      "p": 0.102043
    },
    "K_cum_L16_b0": {
      "r": 0.5543,
      "p": 0.0
    },
    "V_cum_L16_b0": {
      "r": 0.6616,
      "p": 0.0
    },
    "shuffle_cum_L16_b0": {
      "r": -0.166,
      "p": 0.141208
    },
    "K_cum_L16_b1": {
      "r": 0.6968,
      "p": 0.0
    },
    "V_cum_L16_b1": {
      "r": 0.7667,
      "p": 0.0
    },
    "shuffle_cum_L16_b1": {
      "r": -0.3949,
      "p": 0.000289
    },
    "K_cum_L16_b2": {
      "r": 0.6549,
      "p": 0.0
    },
    "V_cum_L16_b2": {
      "r": 0.7053,
      "p": 0.0
    },
    "shuffle_cum_L16_b2": {
      "r": -0.4583,
      "p": 1.9e-05
    },
    "K_cum_L16_b3": {
      "r": 0.4752,
      "p": 8e-06
    },
    "V_cum_L16_b3": {
      "r": 0.5688,
      "p": 0.0
    },
    "shuffle_cum_L16_b3": {
      "r": -0.1374,
      "p": 0.224067
    },
    "K_cum_L16_b4": {
      "r": 0.4549,
      "p": 2.2e-05
    },
    "V_cum_L16_b4": {
      "r": 0.5813,
      "p": 0.0
    },
    "shuffle_cum_L16_b4": {
      "r": -0.2436,
      "p": 0.029473
    },
    "K_cum_L16_b5": {
      "r": 0.4078,
      "p": 0.000173
    },
    "V_cum_L16_b5": {
      "r": 0.5737,
      "p": 0.0
    },
    "shuffle_cum_L16_b5": {
      "r": 0.0497,
      "p": 0.661227
    },
    "K_cum_L16_b6": {
      "r": 0.3303,
      "p": 0.002769
    },
    "V_cum_L16_b6": {
      "r": 0.5555,
      "p": 0.0
    },
    "shuffle_cum_L16_b6": {
      "r": -0.2972,
      "p": 0.007423
    },
    "K_cum_L16_b7": {
      "r": 0.3181,
      "p": 0.004032
    },
    "V_cum_L16_b7": {
      "r": 0.5772,
      "p": 0.0
    },
    "shuffle_cum_L16_b7": {
      "r": -0.1091,
      "p": 0.335488
    },
    "K_cum_L16_b8": {
      "r": 0.226,
      "p": 0.043872
    },
    "V_cum_L16_b8": {
      "r": 0.5853,
      "p": 0.0
    },
    "shuffle_cum_L16_b8": {
      "r": -0.2713,
      "p": 0.014925
    },
    "K_cum_L16_b9": {
      "r": 0.396,
      "p": 0.000277
    },
    "V_cum_L16_b9": {
      "r": 0.59,
      "p": 0.0
    },
    "shuffle_cum_L16_b9": {
      "r": -0.1388,
      "p": 0.219575
    },
    "K_cum_L24_b0": {
      "r": 0.7393,
      "p": 0.0
    },
    "V_cum_L24_b0": {
      "r": 0.6524,
      "p": 0.0
    },
    "shuffle_cum_L24_b0": {
      "r": -0.1086,
      "p": 0.337797
    },
    "K_cum_L24_b1": {
      "r": 0.7873,
      "p": 0.0
    },
    "V_cum_L24_b1": {
      "r": 0.7114,
      "p": 0.0
    },
    "shuffle_cum_L24_b1": {
      "r": -0.4397,
      "p": 4.5e-05
    },
    "K_cum_L24_b2": {
      "r": 0.6565,
      "p": 0.0
    },
    "V_cum_L24_b2": {
      "r": 0.7081,
      "p": 0.0
    },
    "shuffle_cum_L24_b2": {
      "r": -0.3321,
      "p": 0.002619
    },
    "K_cum_L24_b3": {
      "r": 0.5666,
      "p": 0.0
    },
    "V_cum_L24_b3": {
      "r": 0.6339,
      "p": 0.0
    },
    "shuffle_cum_L24_b3": {
      "r": -0.0917,
      "p": 0.418535
    },
    "K_cum_L24_b4": {
      "r": 0.59,
      "p": 0.0
    },
    "V_cum_L24_b4": {
      "r": 0.6343,
      "p": 0.0
    },
    "shuffle_cum_L24_b4": {
      "r": -0.2261,
      "p": 0.043726
    },
    "K_cum_L24_b5": {
      "r": 0.4824,
      "p": 6e-06
    },
    "V_cum_L24_b5": {
      "r": 0.5798,
      "p": 0.0
    },
    "shuffle_cum_L24_b5": {
      "r": -0.0022,
      "p": 0.984251
    },
    "K_cum_L24_b6": {
      "r": 0.3999,
      "p": 0.000238
    },
    "V_cum_L24_b6": {
      "r": 0.5275,
      "p": 0.0
    },
    "shuffle_cum_L24_b6": {
      "r": -0.3297,
      "p": 0.002822
    },
    "K_cum_L24_b7": {
      "r": 0.4315,
      "p": 6.4e-05
    },
    "V_cum_L24_b7": {
      "r": 0.5256,
      "p": 1e-06
    },
    "shuffle_cum_L24_b7": {
      "r": -0.0961,
      "p": 0.396449
    },
    "K_cum_L24_b8": {
      "r": 0.3255,
      "p": 0.003212
    },
    "V_cum_L24_b8": {
      "r": 0.5819,
      "p": 0.0
    },
    "shuffle_cum_L24_b8": {
      "r": -0.2719,
      "p": 0.01469
    },
    "K_cum_L24_b9": {
      "r": 0.3276,
      "p": 0.003015
    },
    "V_cum_L24_b9": {
      "r": 0.5534,
      "p": 0.0
    },
    "shuffle_cum_L24_b9": {
      "r": -0.1823,
      "p": 0.10563
    },
    "K_cum_L31_b0": {
      "r": 0.7313,
      "p": 0.0
    },
    "V_cum_L31_b0": {
      "r": 0.6843,
      "p": 0.0
    },
    "shuffle_cum_L31_b0": {
      "r": -0.1531,
      "p": 0.175056
    },
    "K_cum_L31_b1": {
      "r": 0.7665,
      "p": 0.0
    },
    "V_cum_L31_b1": {
      "r": 0.7616,
      "p": 0.0
    },
    "shuffle_cum_L31_b1": {
      "r": -0.4109,
      "p": 0.000153
    },
    "K_cum_L31_b2": {
      "r": 0.6972,
      "p": 0.0
    },
    "V_cum_L31_b2": {
      "r": 0.7168,
      "p": 0.0
    },
    "shuffle_cum_L31_b2": {
      "r": -0.3572,
      "p": 0.001142
    },
    "K_cum_L31_b3": {
      "r": 0.606,
      "p": 0.0
    },
    "V_cum_L31_b3": {
      "r": 0.5934,
      "p": 0.0
    },
    "shuffle_cum_L31_b3": {
      "r": -0.1132,
      "p": 0.317221
    },
    "K_cum_L31_b4": {
      "r": 0.6172,
      "p": 0.0
    },
    "V_cum_L31_b4": {
      "r": 0.6341,
      "p": 0.0
    },
    "shuffle_cum_L31_b4": {
      "r": -0.2318,
      "p": 0.038529
    },
    "K_cum_L31_b5": {
      "r": 0.4046,
      "p": 0.000197
    },
    "V_cum_L31_b5": {
      "r": 0.5159,
      "p": 1e-06
    },
    "shuffle_cum_L31_b5": {
      "r": -0.1469,
      "p": 0.193517
    },
    "K_cum_L31_b6": {
      "r": 0.395,
      "p": 0.000287
    },
    "V_cum_L31_b6": {
      "r": 0.391,
      "p": 0.000336
    },
    "shuffle_cum_L31_b6": {
      "r": -0.388,
      "p": 0.000376
    },
    "K_cum_L31_b7": {
      "r": 0.4892,
      "p": 4e-06
    },