{
  "experiment": "exp_029_qwen_position_kv",
  "model": "Qwen/Qwen3-4B-Base",
  "n_valid": 39,
  "n_processed": 39,
  "n_skip_wrong": 6,
  "n_skip_trunc": 19,
  "conditions": [
    "dir_k_early",
    "dir_v_early",
    "dir_k_mid",
    "dir_v_mid",
    "dir_k_late",
    "dir_v_late",
    "dir_kv_early",
    "dir_kv_mid",
    "dir_kv_late"
  ],
  "aggregated": {
    "dir_k_early": {
      "n": 39,
      "accuracy": 0.3333333333333333,
      "text_accuracy": 0.43282929156659095,
      "clean_text_accuracy": 1.0,
      "accuracy_drop": 0.6666666666666667,
      "text_drop": 0.567170708433409,
      "dissociation": 0.09949595823325774,
      "k_rms": 154.50097678622805,
      "v_rms": 0.0,
      "k_signal_rms": 109.29948847389241,
      "v_signal_rms": 48.41555933116168
    },
    "dir_v_early": {
      "n": 39,
      "accuracy": 1.0,
      "text_accuracy": 0.9241126343628988,
      "clean_text_accuracy": 1.0,
      "accuracy_drop": 0.0,
      "text_drop": 0.07588736563710119,
      "dissociation": -0.07588736563710119,
      "k_rms": 0.0,
      "v_rms": 71.26230916759593,
      "k_signal_rms": 109.1478173153038,
      "v_signal_rms": 50.371570890410254
    },
    "dir_k_mid": {
      "n": 39,
      "accuracy": 0.23076923076923078,
      "text_accuracy": 0.6885401201434558,
      "clean_text_accuracy": 1.0,
      "accuracy_drop": 0.7692307692307692,
      "text_drop": 0.3114598798565442,
      "dissociation": 0.45777088937422494,
      "k_rms": 154.14390091754055,
      "v_rms": 0.0,
      "k_signal_rms": 109.07029024918721,
      "v_signal_rms": 49.623604111356286
    },
    "dir_v_mid": {
      "n": 39,
      "accuracy": 1.0,
      "text_accuracy": 0.9661652415830608,
      "clean_text_accuracy": 1.0,
      "accuracy_drop": 0.0,
      "text_drop": 0.03383475841693917,
      "dissociation": -0.03383475841693917,
      "k_rms": 0.0,
      "v_rms": 72.35909935683098,
      "k_signal_rms": 108.86525852440492,
      "v_signal_rms": 51.195893388689896
    },
    "dir_k_late": {
      "n": 39,
      "accuracy": 0.4358974358974359,
      "text_accuracy": 0.9919214289160684,
      "clean_text_accuracy": 1.0,
      "accuracy_drop": 0.5641025641025641,
      "text_drop": 0.008078571083931618,
      "dissociation": 0.5560239930186325,
      "k_rms": 154.45279676921936,
      "v_rms": 0.0,
      "k_signal_rms": 109.2028544441557,
      "v_signal_rms": 48.44418005471645
    },
    "dir_v_late": {
      "n": 39,
      "accuracy": 0.9487179487179487,
      "text_accuracy": 0.9943182392191913,
      "clean_text_accuracy": 1.0,
      "accuracy_drop": 0.05128205128205132,
      "text_drop": 0.005681760780808731,
      "dissociation": 0.04560029050124259,
      "k_rms": 0.0,
      "v_rms": 68.73523590769243,
      "k_signal_rms": 108.97114589774068,
      "v_signal_rms": 48.6300795588054
    },
    "dir_kv_early": {
      "n": 39,
      "accuracy": 0.41025641025641024,
      "text_accuracy": 0.5562609931749274,
      "clean_text_accuracy": 1.0,
      "accuracy_drop": 0.5897435897435898,
      "text_drop": 0.4437390068250726,
      "dissociation": 0.14600458291851715,
      "k_rms": 153.87303199597633,
      "v_rms": 71.08457702134534,
      "k_signal_rms": 108.86517083323018,
      "v_signal_rms": 50.25563714421415
    },
    "dir_kv_mid": {
      "n": 39,
      "accuracy": 0.46153846153846156,
      "text_accuracy": 0.8153341363490287,
      "clean_text_accuracy": 1.0,
      "accuracy_drop": 0.5384615384615384,
      "text_drop": 0.18466586365097126,
      "dissociation": 0.3537956748105672,
      "k_rms": 153.4595685874049,
      "v_rms": 72.9366774905414,
      "k_signal_rms": 108.48722306269568,
      "v_signal_rms": 51.53857405757834
    },
    "dir_kv_late": {
      "n": 39,
      "accuracy": 0.6410256410256411,
      "text_accuracy": 0.9917784078397934,
      "clean_text_accuracy": 1.0,
      "accuracy_drop": 0.3589743589743589,
      "text_drop": 0.00822159216020657,
      "dissociation": 0.35075276681415235,
      "k_rms": 154.01442582215503,
      "v_rms": 70.67488073959068,
      "k_signal_rms": 108.7359355346235,
      "v_signal_rms": 49.929000682469066
    }
  },
  "elapsed_seconds": 1500.0220201015472
}