{
  "n_attempted": 493,
  "n_generated": 493,
  "n_ops_total": 1476,
  "n_ops_correct": 1474,
  "n_ops_error": 2,
  "n_final_correct": 420,
  "n_final_wrong": 73,
  "accuracy": 0.8519269776876268,
  "error_rate": 0.0013550135501355014,
  "probe_results": {
    "L9": {
      "layer_pct": 27,
      "K_r": 0.9322818678809323,
      "V_r": 0.9463790987206591,
      "text_r": -0.07995048334168656,
      "expr_r": 0.7710591131655543,
      "shuffle_K_r": -0.06752541176522892,
      "shuffle_V_r": -0.05176299513265001,
      "V_minus_expr": 0.17531998555510475,
      "V_minus_text": 1.0263295820623457,
      "K_minus_expr": 0.16122275471537795
    },
    "L18": {
      "layer_pct": 52,
      "K_r": 0.9368579685916808,
      "V_r": 0.9556054727212507,
      "text_r": -0.07995048334168656,
      "expr_r": 0.7710591131655543,
      "shuffle_K_r": -0.07420998788546723,
      "shuffle_V_r": -0.06810139534367227,
      "V_minus_expr": 0.18454635955569643,
      "V_minus_text": 1.0355559560629373,
      "K_minus_expr": 0.1657988554261265
    },
    "L27": {
      "layer_pct": 77,
      "K_r": 0.9609907964147341,
      "V_r": 0.9708309755763052,
      "text_r": -0.07995048334168656,
      "expr_r": 0.7710591131655543,
      "shuffle_K_r": -0.05823656336752445,
      "shuffle_V_r": -0.055748883311553005,
      "V_minus_expr": 0.19977186241075084,
      "V_minus_text": 1.0507814589179918,
      "K_minus_expr": 0.18993168324917975
    },
    "L35": {
      "layer_pct": 100,
      "K_r": 0.9651121011202584,
      "V_r": 0.9773584364538256,
      "text_r": -0.07995048334168656,
      "expr_r": 0.7710591131655543,
      "shuffle_K_r": -0.04720062445331725,
      "shuffle_V_r": -0.04217976632432497,
      "V_minus_expr": 0.20629932328827127,
      "V_minus_text": 1.0573089197955121,
      "K_minus_expr": 0.19405298795470405
    }
  },
  "permutation_tests": {
    "n_perm": 1000,
    "V_probe": {
      "R": 0.9773584364538256,
      "p": 0.0
    },
    "K_probe": {
      "R": 0.9651121011202584,
      "p": 0.0
    },
    "expr_embed": {
      "R": 0.7710591131655543,
      "p": 0.0
    },
    "token_embed": {
      "R": -0.07995048334168656,
      "p": 0.936
    }
  },
  "best_layer": 35,
  "best_layer_pct": 100
}