{
  "config": {
    "model": "mistralai/Mistral-7B-v0.3",
    "n_problems": 350,
    "n_generated": 294,
    "n_correct": 130,
    "n_extracted": 130,
    "accuracy": 44.2,
    "probe_layers": [
      16,
      24
    ],
    "n_layers": 32,
    "kv_dim": 1024,
    "kv_heads": 8,
    "head_dim": 128,
    "arch_type": "GQA",
    "n_bins": 20,
    "n_folds": 5,
    "max_nums_dim": 30,
    "nums_feat_dim": 36,
    "n_bootstrap": 300,
    "seed": 42
  },
  "results": {
    "L16": {
      "V_R": [
        0.3080410473470909,
        0.3732810596729938,
        0.4326993596471825,
        0.3884271680503316,
        0.3132994439049913,
        0.295225814737943,
        0.31102210125148605,
        0.17809237222834245,
        0.26934289538136297,
        0.13953070906114245,
        0.27543219415495207,
        0.28738263565545724,
        0.17848278559330696,
        0.41880619683269454,
        0.4245766142199848,
        0.5170041384504979,
        0.6181170427035055,
        0.6409726131656852,
        0.6741236260810928,
        0.714397979201991
      ],
      "K_R": [
        0.385541787504443,
        0.33276378051324895,
        0.3584813291615797,
        0.28297537473784146,
        0.36565740349362574,
        0.3121666204108253,
        0.237857964363631,
        0.3701340978075186,
        0.42299201171146644,
        0.2146319587214145,
        0.37322616199578657,
        0.5085312571435973,
        0.4728411453922332,
        0.47049437345099254,
        0.5484474912522447,
        0.5884559027189034,
        0.5828217531875644,
        0.6170143558803929,
        0.618213077392934,
        0.7371558367074544
      ],
      "nums_R": [
        0.47721831895636213,
        0.5649101944229699,
        0.29089988158665325,
        0.5723945428620825,
        0.6074608641977053,
        0.36066483803480526,
        0.3710463408864406,
        0.4197042159905491,
        0.41763908520811965,
        0.5224174209672563,
        0.606355190210206,
        0.48560000256259667,
        0.4084871560762928,
        0.38155560036655095,
        0.24163701163819362,
        0.4014117734530311,
        0.3711785655454698,
        0.6437384671245654,
        0.5448368963602358,
        0.15777064476418448
      ],
      "V_nums_R": [
        0.17177333064572223,
        0.2658905899258409,
        0.1374318298108745,
        0.3098799136100352,
        0.0918257660801834,
        0.09184261879331553,
        0.013057349275727523,
        0.10688599805842632,
        0.17931959493441815,
        0.16713765443401055,
        0.15876022503765994,
        0.08832757101127932,
        0.1843418671806231,
        0.19183001187630522,
        0.32385937957356997,
        0.32616485960164227,
        0.3692353326038833,
        0.24992161973074264,
        0.19028054431539826,
        0.06003250721840191
      ],
      "K_nums_R": [
        0.1380309203795462,
        0.32636416668449797,
        0.19829049195134382,
        0.28857335024629827,
        0.018738520895434364,
        0.2210475031385055,
        -0.014917532445620867,
        0.2522366971325457,
        0.3505171195693763,
        0.271422300853332,
        0.30643566497173946,
        0.26436563856855716,
        0.4218895745558719,
        0.19973986381618664,
        0.2595205891050963,
        0.3675093696770904,
        0.2447527506761723,
        0.2892673426895426,
        0.2983047748980685,
        0.18446973429799635
      ],
      "shuffle_R": [
        0.1789982436028989,
        -0.13548502150536193,
        -0.1814617327469471,
        -0.027592411272420167,
        0.07323237618336781,
        -0.1765116047670686,
        -0.044014665272957304,
        -0.022146869874096694,
        -0.06113706697525774,
        -0.09897720250205272,
        -0.21117923775178876,
        0.017979066714455785,
        0.07139254881993538,
        -0.00893477777673056,
        -0.007882975682606727,
        0.042579001452161584,
        0.05220788893025356,
        0.013390692993016099,
        0.08187638334336979,
        -0.1482732659627044
      ],
      "n_samples": [
        528.0,
        463.0,
        471.0,
        454.0,
        455.0,
        485.0,
        472.0,
        450.0,
        469.0,
        434.0,
        496.0,
        476.0,
        450.0,
        482.0,
        436.0,
        473.0,
        482.0,
        454.0,
        473.0,
        398.0
      ],
      "n_groups": [
        130.0,
        130.0,
        130.0,
        130.0,
        130.0,
        130.0,
        130.0,
        130.0,
        130.0,
        130.0,
        130.0,
        130.0,
        130.0,
        130.0,
        130.0,
        130.0,
        130.0,
        130.0,
        130.0,
        130.0
      ]
    },
    "L24": {
      "V_R": [
        0.24103244341564933,
        0.4580089813992701,
        0.4825731796961907,
        0.3468558992263462,
        0.24691935927399955,
        0.1640516600310569,
        0.3696844148050838,
        0.2713944285805307,
        0.37932871941219665,
        0.03255648498504106,
        0.2715397031351458,
        0.3797697837923201,
        0.358841719115997,
        0.3522383141355923,
        0.35861941448626933,
        0.504606551562276,
        0.7092173436389119,
        0.811756209250854,
        0.6548074090115515,
        0.5775314455234171
      ],
      "K_R": [
        0.3003473684602832,
        0.33734232197107605,
        0.37335352106541897,
        0.32289047140390775,
        0.35397217622013827,
        0.2606333408470692,
        0.46045391966534094,
        0.2548214342926881,
        0.284295301755065,
        0.21142803385193207,
        0.3099956058709454,
        0.4709606890584028,
        0.44405595214619364,
        0.4660885352655098,
        0.6075561002977498,
        0.5869123778117813,
        0.6750195714831345,
        0.7089550715521359,
        0.6743084706329341,
        0.6571119364678554
      ],
      "nums_R": [
        0.47721831895636213,
        0.5649101944229699,
        0.29089988158665325,
        0.5723945428620825,
        0.6074608641977053,
        0.36066483803480526,
        0.3710463408864406,
        0.4197042159905491,
        0.41763908520811965,
        0.5224174209672563,
        0.606355190210206,
        0.48560000256259667,
        0.4084871560762928,
        0.38155560036655095,
        0.24163701163819362,
        0.4014117734530311,
        0.3711785655454698,
        0.6437384671245654,
        0.5448368963602358,
        0.15777064476418448
      ],
      "V_nums_R": [
        0.2029389467595003,
        0.15888811318661686,
        0.07352857904335669,
        0.24285938882460734,
        -0.04884424753481512,
        0.013493228444685675,
        -0.008259392277116136,
        -0.009837552867399577,
        0.08959277872809879,
        -0.17049198039576843,
        0.30375411710478883,
        0.1069415689644837,
        0.2072307998988493,
        0.1980922593874768,
        0.2248361035436817,
        0.244897824165009,
        0.12485341524534647,
        0.23459231919606613,
        0.08766172776329867,
        0.12784446774971556
      ],
      "K_nums_R": [
        0.163071926322221,
        0.19993012228776777,
        0.10581509571638135,
        0.3055928936429898,
        -0.03809994253039973,
        0.2255365379453483,
        0.16261787959793464,
        0.07043514728328863,
        0.13908432897877454,
        0.21758665363424684,
        0.36350429410864626,
        0.39474547792677406,
        0.3861422559355039,
        0.310568321554292,
        0.32510261547028724,
        0.3373819707557189,
        0.12530735317728217,
        0.36295787994058787,
        0.30479143873906617,
        0.2340761308883534
      ],