{
  "experiment": "exp_044_qwen_5pct_positional_sweep",
  "model": "Qwen/Qwen3-4B-Base",
  "dose": "5% (50% sub-sample of each decile)",
  "num_layers": 36,
  "n_kv_heads": 8,
  "n_attn_heads": 32,
  "head_dim": 128,
  "architecture": "GQA",
  "n_valid": 27,
  "n_processed": 27,
  "n_skip_wrong": 0,
  "n_skip_trunc": 0,
  "conditions": [
    "decile_k_0",
    "decile_k_1",
    "decile_k_2",
    "decile_k_3",
    "decile_k_4",
    "decile_k_5",
    "decile_k_6",
    "decile_k_7",
    "decile_k_8",
    "decile_k_9",
    "decile_v_9"
  ],
  "aggregated": {
    "decile_k_0": {
      "n": 27,
      "n_correct": 6,
      "accuracy": 0.2222222222222222,
      "text_accuracy": 0.3339757106366478,
      "clean_text_accuracy": 1.0,
      "accuracy_drop": 0.7777777777777778,
      "text_drop": 0.6660242893633521,
      "dissociation": 0.11175348841442567,
      "wilson_ci_lo": 0.10607095489408955,
      "wilson_ci_hi": 0.4075729546307081,
      "mean_effective_dose": 0.04416393709427327,
      "k_rms": 154.55090735092173,
      "v_rms": 0.0,
      "k_signal_rms": 109.28009591040437,
      "v_signal_rms": 49.337409423608825
    },
    "decile_k_1": {
      "n": 27,
      "n_correct": 4,
      "accuracy": 0.14814814814814814,
      "text_accuracy": 0.3611412644423473,
      "clean_text_accuracy": 1.0,
      "accuracy_drop": 0.8518518518518519,
      "text_drop": 0.6388587355576527,
      "dissociation": 0.21299311629419915,
      "wilson_ci_lo": 0.0591583185964489,
      "wilson_ci_hi": 0.3247906334682948,
      "mean_effective_dose": 0.04953348466494522,
      "k_rms": 152.71391031809006,
      "v_rms": 0.0,
      "k_signal_rms": 107.9569870840843,
      "v_signal_rms": 49.91163793359519
    },
    "decile_k_2": {
      "n": 27,
      "n_correct": 3,
      "accuracy": 0.1111111111111111,
      "text_accuracy": 0.45482449150786264,
      "clean_text_accuracy": 1.0,
      "accuracy_drop": 0.8888888888888888,
      "text_drop": 0.5451755084921374,
      "dissociation": 0.3437133803967515,
      "wilson_ci_lo": 0.03851964789498724,
      "wilson_ci_hi": 0.2805818254397295,
      "mean_effective_dose": 0.04851643271776624,
      "k_rms": 153.07484759898574,
      "v_rms": 0.0,
      "k_signal_rms": 108.21100100437916,
      "v_signal_rms": 50.50896466757509
    },
    "decile_k_3": {
      "n": 27,
      "n_correct": 1,
      "accuracy": 0.037037037037037035,
      "text_accuracy": 0.5064948248183746,
      "clean_text_accuracy": 1.0,
      "accuracy_drop": 0.962962962962963,
      "text_drop": 0.4935051751816254,
      "dissociation": 0.4694577877813376,
      "wilson_ci_lo": 0.006567976533097596,
      "wilson_ci_hi": 0.1828385393415652,
      "mean_effective_dose": 0.0476051552512357,
      "k_rms": 153.51103343218912,
      "v_rms": 0.0,
      "k_signal_rms": 108.76551012164227,
      "v_signal_rms": 50.73037643995482
    },
    "decile_k_4": {
      "n": 27,
      "n_correct": 2,
      "accuracy": 0.07407407407407407,
      "text_accuracy": 0.5918917824638302,
      "clean_text_accuracy": 1.0,
      "accuracy_drop": 0.9259259259259259,
      "text_drop": 0.40810821753616977,
      "dissociation": 0.5178177083897562,
      "wilson_ci_lo": 0.020554221697383537,
      "wilson_ci_hi": 0.2336997729073062,
      "mean_effective_dose": 0.04953348466494522,
      "k_rms": 152.60723897097418,
      "v_rms": 0.0,
      "k_signal_rms": 107.86433203831406,
      "v_signal_rms": 49.72571144500351
    },
    "decile_k_5": {
      "n": 27,
      "n_correct": 4,
      "accuracy": 0.14814814814814814,
      "text_accuracy": 0.7016628463946707,
      "clean_text_accuracy": 1.0,
      "accuracy_drop": 0.8518518518518519,
      "text_drop": 0.2983371536053293,
      "dissociation": 0.5535146982465226,
      "wilson_ci_lo": 0.0591583185964489,
      "wilson_ci_hi": 0.3247906334682948,
      "mean_effective_dose": 0.047188836152074434,
      "k_rms": 153.80426949275605,
      "v_rms": 0.0,
      "k_signal_rms": 108.81076882721601,
      "v_signal_rms": 49.158920859186125
    },
    "decile_k_6": {
      "n": 27,
      "n_correct": 7,
      "accuracy": 0.25925925925925924,
      "text_accuracy": 0.7597603332630962,
      "clean_text_accuracy": 1.0,
      "accuracy_drop": 0.7407407407407407,
      "text_drop": 0.24023966673690378,
      "dissociation": 0.5005010740038369,
      "wilson_ci_lo": 0.13170208422866778,
      "wilson_ci_hi": 0.44678930402615685,
      "mean_effective_dose": 0.04739939393436327,
      "k_rms": 153.4949835043106,
      "v_rms": 0.0,
      "k_signal_rms": 108.59097753121256,
      "v_signal_rms": 49.85084562696287
    },
    "decile_k_7": {
      "n": 27,
      "n_correct": 4,
      "accuracy": 0.14814814814814814,
      "text_accuracy": 0.8251025233946595,
      "clean_text_accuracy": 1.0,
      "accuracy_drop": 0.8518518518518519,
      "text_drop": 0.1748974766053405,
      "dissociation": 0.6769543752465114,
      "wilson_ci_lo": 0.0591583185964489,
      "wilson_ci_hi": 0.3247906334682948,
      "mean_effective_dose": 0.04851643271776624,
      "k_rms": 153.7472084216033,
      "v_rms": 0.0,
      "k_signal_rms": 108.65457069865445,
      "v_signal_rms": 47.83978395365778
    },
    "decile_k_8": {
      "n": 27,
      "n_correct": 1,
      "accuracy": 0.037037037037037035,
      "text_accuracy": 0.8950943697588137,
      "clean_text_accuracy": 1.0,
      "accuracy_drop": 0.962962962962963,
      "text_drop": 0.10490563024118627,
      "dissociation": 0.8580573327217768,
      "wilson_ci_lo": 0.006567976533097596,
      "wilson_ci_hi": 0.1828385393415652,
      "mean_effective_dose": 0.04953348466494522,
      "k_rms": 153.82030291139301,
      "v_rms": 0.0,
      "k_signal_rms": 108.81086204864556,
      "v_signal_rms": 50.046788842832854
    },
    "decile_k_9": {
      "n": 27,
      "n_correct": 5,
      "accuracy": 0.18518518518518517,
      "text_accuracy": 0.9570303828274922,
      "clean_text_accuracy": 1.0,
      "accuracy_drop": 0.8148148148148149,
      "text_drop": 0.0429696171725078,
      "dissociation": 0.7718451976423071,
      "wilson_ci_lo": 0.08180586574285321,
      "wilson_ci_hi": 0.36699056505191746,
      "mean_effective_dose": 0.05024904426259316,
      "k_rms": 153.3032565735224,
      "v_rms": 0.0,
      "k_signal_rms": 108.4976925024642,
      "v_signal_rms": 49.967321088324304
    },
    "decile_v_9": {
      "n": 27,
      "n_correct": 22,
      "accuracy": 0.8148148148148148,
      "text_accuracy": 0.9793709239179124,
      "clean_text_accuracy": 1.0,
      "accuracy_drop": 0.18518518518518523,
      "text_drop": 0.02062907608208764,
      "dissociation": 0.1645561091030976,
      "wilson_ci_lo": 0.6330094349480825,
      "wilson_ci_hi": 0.9181941342571468,
      "mean_effective_dose": 0.05024904426259316,
      "k_rms": 0.0,
      "v_rms": 70.25958172748227,
      "k_signal_rms": 109.23092196086839,
      "v_signal_rms": 49.66463200256629
    }
  },
  "elapsed_seconds": 1573.2775161266327
}