{
  "experiment": "exp_053_qwen_cross_head_position",
  "model": "Qwen/Qwen3-4B-Base",
  "num_layers": 36,
  "n_kv_heads": 8,
  "n_attn_heads": 32,
  "head_dim": 128,
  "architecture": "GQA",
  "critical_head": 0,
  "disp_head": 3,
  "n_valid": 43,
  "n_processed": 43,
  "n_skip_wrong": 2,
  "n_skip_trunc": 0,
  "conditions": [
    "h0_early",
    "h0_mid",
    "h0_late",
    "h0_all",
    "h3_early",
    "h3_mid",
    "h3_late",
    "h3_all"
  ],
  "aggregated": {
    "h0_early": {
      "n": 43,
      "n_correct": 39,
      "accuracy": 0.9069767441860465,
      "text_accuracy": 0.897291778701672,
      "clean_text_accuracy": 1.0,
      "accuracy_drop": 0.09302325581395354,
      "text_drop": 0.10270822129832802,
      "dissociation": -0.009684965484374475,
      "wilson_ci_lo": 0.7839701160146731,
      "wilson_ci_hi": 0.9632289548966535,
      "perturb_rms": 49.06539132135898,
      "signal_rms": 34.69766269227374,
      "mean_positions_perturbed": 40.30232558139535,
      "mean_total_positions": 120.76744186046511
    },
    "h0_mid": {
      "n": 43,
      "n_correct": 39,
      "accuracy": 0.9069767441860465,
      "text_accuracy": 0.9666927361079282,
      "clean_text_accuracy": 1.0,
      "accuracy_drop": 0.09302325581395354,
      "text_drop": 0.03330726389207184,
      "dissociation": 0.059715991921881706,
      "wilson_ci_lo": 0.7839701160146731,
      "wilson_ci_hi": 0.9632289548966535,
      "perturb_rms": 48.89126153177847,
      "signal_rms": 34.59737976693527,
      "mean_positions_perturbed": 40.16279069767442,
      "mean_total_positions": 120.76744186046511
    },
    "h0_late": {
      "n": 43,
      "n_correct": 33,
      "accuracy": 0.7674418604651163,
      "text_accuracy": 0.986637369877241,
      "clean_text_accuracy": 1.0,
      "accuracy_drop": 0.2325581395348837,
      "text_drop": 0.013362630122758956,
      "dissociation": 0.21919550941212473,
      "wilson_ci_lo": 0.6225519170056059,
      "wilson_ci_hi": 0.8684646153075517,
      "perturb_rms": 48.99377106151853,
      "signal_rms": 34.64770566994801,
      "mean_positions_perturbed": 40.30232558139535,
      "mean_total_positions": 120.76744186046511
    },
    "h0_all": {
      "n": 43,
      "n_correct": 34,
      "accuracy": 0.7906976744186046,
      "text_accuracy": 0.8969627824404218,
      "clean_text_accuracy": 1.0,
      "accuracy_drop": 0.2093023255813954,
      "text_drop": 0.10303721755957818,
      "dissociation": 0.10626510802181721,
      "wilson_ci_lo": 0.6479406820576337,
      "wilson_ci_hi": 0.8857729400218853,
      "perturb_rms": 49.019147719373535,
      "signal_rms": 34.66499182108211,
      "mean_positions_perturbed": 120.76744186046511,
      "mean_total_positions": 120.76744186046511
    },
    "h3_early": {
      "n": 43,
      "n_correct": 43,
      "accuracy": 1.0,
      "text_accuracy": 0.9764303909546508,
      "clean_text_accuracy": 1.0,
      "accuracy_drop": 0.0,
      "text_drop": 0.023569609045349216,
      "dissociation": -0.023569609045349216,
      "wilson_ci_lo": 0.9179874299767727,
      "wilson_ci_hi": 1.0,
      "perturb_rms": 53.3105765822017,
      "signal_rms": 37.69094870009858,
      "mean_positions_perturbed": 40.30232558139535,
      "mean_total_positions": 120.76744186046511
    },
    "h3_mid": {
      "n": 43,
      "n_correct": 43,
      "accuracy": 1.0,
      "text_accuracy": 0.9913322026807954,
      "clean_text_accuracy": 1.0,
      "accuracy_drop": 0.0,
      "text_drop": 0.00866779731920464,
      "dissociation": -0.00866779731920464,
      "wilson_ci_lo": 0.9179874299767727,
      "wilson_ci_hi": 1.0,
      "perturb_rms": 53.3118856078588,
      "signal_rms": 37.68896792059115,
      "mean_positions_perturbed": 40.16279069767442,
      "mean_total_positions": 120.76744186046511
    },
    "h3_late": {
      "n": 43,
      "n_correct": 43,
      "accuracy": 1.0,
      "text_accuracy": 0.9956318505756647,
      "clean_text_accuracy": 1.0,
      "accuracy_drop": 0.0,
      "text_drop": 0.004368149424335277,
      "dissociation": -0.004368149424335277,
      "wilson_ci_lo": 0.9179874299767727,
      "wilson_ci_hi": 1.0,
      "perturb_rms": 54.38238243507311,
      "signal_rms": 38.49943883461703,
      "mean_positions_perturbed": 40.30232558139535,
      "mean_total_positions": 120.76744186046511
    },
    "h3_all": {
      "n": 43,
      "n_correct": 43,
      "accuracy": 1.0,
      "text_accuracy": 0.9684001688733044,
      "clean_text_accuracy": 1.0,
      "accuracy_drop": 0.0,
      "text_drop": 0.03159983112669562,
      "dissociation": -0.03159983112669562,
      "wilson_ci_lo": 0.9179874299767727,
      "wilson_ci_hi": 1.0,
      "perturb_rms": 53.646345359860724,
      "signal_rms": 37.94534053334025,
      "mean_positions_perturbed": 120.76744186046511,
      "mean_total_positions": 120.76744186046511
    }
  },
  "elapsed_seconds": 1585.9910247325897
}