{
  "model": "Qwen/Qwen3-4B-Base",
  "n_generated": 300,
  "n_correct": 258,
  "n_valid": 258,
  "accuracy": 0.86,
  "mean_cot_length": 511.80232558139534,
  "probe_layer": 35,
  "probe_layer_pct": 100,
  "decile_fracs": [
    0.1,
    0.2,
    0.30000000000000004,
    0.4,
    0.5,
    0.6,
    0.7000000000000001,
    0.8,
    0.9,
    1.0
  ],
  "kv_dim": 1024,
  "hs_dim": 2560,
  "text_dim": 2560,
  "probes": {
    "cum_K": [
      0.6197641640135744,
      0.712475905876678,
      0.7212697836831085,
      0.7599798877846142,
      0.7667585472511923,
      0.7259226249246011,
      0.7198937580748007,
      0.7054689142886627,
      0.7165431788682907,
      0.6991599855844867
    ],
    "cum_V": [
      0.6225914059476286,
      0.7217661873016483,
      0.7592061811021444,
      0.7835833127970737,
      0.7968715549737009,
      0.7712944196146928,
      0.751361761990522,
      0.7157921955140791,
      0.7035457134548685,
      0.6943184654309073
    ],
    "cum_text": [
      0.5188973029238316,
      0.6890915354495805,
      0.7299142287011708,
      0.7542625318093986,
      0.7523673171521175,
      0.7114185004424736,
      0.6903901937637666,
      0.6484702339561118,
      0.6506874660053225,
      0.629579178376116
    ],
    "hidden_state": [
      0.3863275996744649,
      0.3737249377009344,
      0.2336537754784586,
      0.1383243625350589,
      0.18465692669983522,
      0.01952826095593507,
      -0.05914138297499844,
      0.1520034371825863,
      0.1687135134006031,
      0.011994306168149982
    ],
    "single_V": [
      0.3314094180662119,
      0.3551680414442525,
      0.18485114768064423,
      0.020337186261637184,
      0.10972352358296086,
      -0.015219058533097757,
      0.09149138697747367,
      0.13589538002659762,
      0.05642185484909361,
      -0.04370966882339383
    ],
    "shuffle": [
      -0.20699082256978293,
      0.007630723931695365,
      -0.0561946555963823,
      -0.0587922592835802,
      -0.1357550771388967,
      -0.0484093078060823,
      -0.07013197329128236,
      -0.11634724882806244,
      -0.13991035778821762,
      -0.10601140412353549
    ]
  },
  "advantages": {
    "cumV_over_cumText": [
      0.103694103023797,
      0.03267465185206786,
      0.029291952400973598,
      0.0293207809876751,
      0.044504237821583414,
      0.05987591917221924,
      0.06097156822675531,
      0.06732196155796732,
      0.052858247449546036,
      0.06473928705479126
    ],
    "hs_over_cumText": [
      -0.13256970324936673,
      -0.31536659774864606,
      -0.4962604532227123,
      -0.6159381692743398,
      -0.5677103904522822,
      -0.6918902394865385,
      -0.7495315767387651,
      -0.4964667967735255,
      -0.48197395260471937,
      -0.617584872207966
    ],
    "cumV_over_singleV": [
      0.29118198788141675,
      0.3665981458573958,
      0.5743550334215002,
      0.7632461265354366,
      0.68714803139074,
      0.7865134781477906,
      0.6598703750130483,
      0.5798968154874815,
      0.6471238586057749,
      0.7380281342543011
    ]
  },
  "summary": {
    "n_cumV_leads_cumText": 10,
    "n_hs_leads_cumText": 0,
    "mean_cumV_advantage": 0.054525270954737616,
    "mean_hs_advantage": -0.5165292751758862,
    "mean_aggregation_improvement": 0.6093961986594885
  },
  "early_decodability": {
    "cum_V": {
      "first_above_threshold": 0,
      "text_first_above_threshold": 0,
      "gap_deciles": 0,
      "threshold": 0.3
    },
    "hidden_state": {
      "first_above_threshold": 0,
      "text_first_above_threshold": 0,
      "gap_deciles": 0,
      "threshold": 0.3
    }
  },
  "runtime_s": 1805.0151388645172
}