{
  "experiment": "exp_052_cross_head_cascading",
  "model": "meta-llama/Llama-3.1-8B-Instruct",
  "num_layers": 32,
  "n_kv_heads": 8,
  "n_attn_heads": 32,
  "head_dim": 128,
  "architecture": "GQA",
  "critical_head": 3,
  "disp_head": 1,
  "n_valid": 55,
  "n_processed": 55,
  "n_skip_wrong": 12,
  "n_skip_trunc": 0,
  "conditions": [
    "h3_early",
    "h3_mid",
    "h3_late",
    "h3_all",
    "h1_early",
    "h1_mid",
    "h1_late",
    "h1_all"
  ],
  "aggregated": {
    "h3_early": {
      "n": 55,
      "n_correct": 15,
      "accuracy": 0.2727272727272727,
      "text_accuracy": 0.7733701430238482,
      "clean_text_accuracy": 1.0,
      "accuracy_drop": 0.7272727272727273,
      "text_drop": 0.2266298569761518,
      "dissociation": 0.5006428702965755,
      "wilson_ci_lo": 0.17280602508013646,
      "wilson_ci_hi": 0.4023244948241489,
      "perturb_rms": 34.216455203500445,
      "signal_rms": 24.196309660214286,
      "mean_positions_perturbed": 28.945454545454545,
      "mean_total_positions": 86.9090909090909
    },
    "h3_mid": {
      "n": 55,
      "n_correct": 21,
      "accuracy": 0.38181818181818183,
      "text_accuracy": 0.8650092563800029,
      "clean_text_accuracy": 1.0,
      "accuracy_drop": 0.6181818181818182,
      "text_drop": 0.13499074361999708,
      "dissociation": 0.4831910745618211,
      "wilson_ci_lo": 0.26515766317415235,
      "wilson_ci_hi": 0.5139102071760762,
      "perturb_rms": 34.47814348088028,
      "signal_rms": 24.379361816891045,
      "mean_positions_perturbed": 29.01818181818182,
      "mean_total_positions": 86.9090909090909
    },
    "h3_late": {
      "n": 55,
      "n_correct": 42,
      "accuracy": 0.7636363636363637,
      "text_accuracy": 0.9565913055844326,
      "clean_text_accuracy": 1.0,
      "accuracy_drop": 0.23636363636363633,
      "text_drop": 0.043408694415567384,
      "dissociation": 0.19295494194806895,
      "wilson_ci_lo": 0.6365138127856039,
      "wilson_ci_hi": 0.8563347841254251,
      "perturb_rms": 34.52490868707721,
      "signal_rms": 24.414204636988583,
      "mean_positions_perturbed": 28.945454545454545,
      "mean_total_positions": 86.9090909090909
    },
    "h3_all": {
      "n": 55,
      "n_correct": 12,
      "accuracy": 0.21818181818181817,
      "text_accuracy": 0.7553901728314237,
      "clean_text_accuracy": 1.0,
      "accuracy_drop": 0.7818181818181819,
      "text_drop": 0.24460982716857627,
      "dissociation": 0.5372083546496056,
      "wilson_ci_lo": 0.12945897827653216,
      "wilson_ci_hi": 0.3437028664047817,
      "perturb_rms": 34.239169700952,
      "signal_rms": 24.2133233641121,
      "mean_positions_perturbed": 86.9090909090909,
      "mean_total_positions": 86.9090909090909
    },
    "h1_early": {
      "n": 55,
      "n_correct": 31,
      "accuracy": 0.5636363636363636,
      "text_accuracy": 0.7770057983911077,
      "clean_text_accuracy": 1.0,
      "accuracy_drop": 0.4363636363636364,
      "text_drop": 0.22299420160889227,
      "dissociation": 0.21336943475474413,
      "wilson_ci_lo": 0.43269584078681317,
      "wilson_ci_hi": 0.6862676136399869,
      "perturb_rms": 33.4382898530034,
      "signal_rms": 23.637524541278548,
      "mean_positions_perturbed": 28.945454545454545,
      "mean_total_positions": 86.9090909090909
    },
    "h1_mid": {
      "n": 55,
      "n_correct": 40,
      "accuracy": 0.7272727272727273,
      "text_accuracy": 0.8718106634524725,
      "clean_text_accuracy": 1.0,
      "accuracy_drop": 0.2727272727272727,
      "text_drop": 0.1281893365475275,
      "dissociation": 0.1445379361797452,
      "wilson_ci_lo": 0.5976755051758511,
      "wilson_ci_hi": 0.8271939749198635,
      "perturb_rms": 33.98432209314039,
      "signal_rms": 24.032986497240255,
      "mean_positions_perturbed": 29.01818181818182,
      "mean_total_positions": 86.9090909090909
    },
    "h1_late": {
      "n": 55,
      "n_correct": 50,
      "accuracy": 0.9090909090909091,
      "text_accuracy": 0.9649204675083439,
      "clean_text_accuracy": 1.0,
      "accuracy_drop": 0.09090909090909094,
      "text_drop": 0.035079532491656074,
      "dissociation": 0.055829558417434866,
      "wilson_ci_lo": 0.8042226375086602,
      "wilson_ci_hi": 0.9605424266636261,
      "perturb_rms": 33.961203099452646,
      "signal_rms": 24.01444383678623,
      "mean_positions_perturbed": 28.945454545454545,
      "mean_total_positions": 86.9090909090909
    },
    "h1_all": {
      "n": 55,
      "n_correct": 33,
      "accuracy": 0.6,
      "text_accuracy": 0.7603515068273005,
      "clean_text_accuracy": 1.0,
      "accuracy_drop": 0.4,
      "text_drop": 0.23964849317269954,
      "dissociation": 0.16035150682730048,
      "wilson_ci_lo": 0.4681256091064502,
      "wilson_ci_hi": 0.7188169621356642,
      "perturb_rms": 33.529278663689574,
      "signal_rms": 23.714956401826868,
      "mean_positions_perturbed": 86.9090909090909,
      "mean_total_positions": 86.9090909090909
    }
  },
  "elapsed_seconds": 1512.8145093917847
}