{
  "experiment": "exp_028_position_kv_interaction",
  "model": "meta-llama/Llama-3.1-8B-Instruct",
  "n_valid": 50,
  "n_processed": 50,
  "n_skip_wrong": 14,
  "n_skip_trunc": 0,
  "conditions": [
    "dir_k_early",
    "dir_v_early",
    "dir_k_mid",
    "dir_v_mid",
    "dir_k_late",
    "dir_v_late",
    "dir_kv_early",
    "dir_kv_mid",
    "dir_kv_late"
  ],
  "aggregated": {
    "dir_k_early": {
      "n": 50,
      "accuracy": 0.0,
      "text_accuracy": 0.10501053450993919,
      "clean_text_accuracy": 1.0,
      "accuracy_drop": 1.0,
      "text_drop": 0.8949894654900608,
      "dissociation": 0.10501053450993925,
      "k_rms": 94.94541983234112,
      "v_rms": 0.0,
      "k_signal_rms": 67.1590056837319,
      "v_signal_rms": 10.677605518598149
    },
    "dir_v_early": {
      "n": 50,
      "accuracy": 1.0,
      "text_accuracy": 0.9280843988941982,
      "clean_text_accuracy": 1.0,
      "accuracy_drop": 0.0,
      "text_drop": 0.07191560110580175,
      "dissociation": -0.07191560110580175,
      "k_rms": 0.0,
      "v_rms": 14.898470129340442,
      "k_signal_rms": 64.98997340893186,
      "v_signal_rms": 10.535662463456497
    },
    "dir_k_mid": {
      "n": 50,
      "accuracy": 0.06,
      "text_accuracy": 0.5632913516360822,
      "clean_text_accuracy": 1.0,
      "accuracy_drop": 0.94,
      "text_drop": 0.43670864836391776,
      "dissociation": 0.5032913516360822,
      "k_rms": 96.86762528951458,
      "v_rms": 0.0,
      "k_signal_rms": 68.50558051409473,
      "v_signal_rms": 10.815972552869702
    },
    "dir_v_mid": {
      "n": 50,
      "accuracy": 1.0,
      "text_accuracy": 0.965065123287741,
      "clean_text_accuracy": 1.0,
      "accuracy_drop": 0.0,
      "text_drop": 0.03493487671225903,
      "dissociation": -0.03493487671225903,
      "k_rms": 0.0,
      "v_rms": 15.162852346644101,
      "k_signal_rms": 67.32735400254451,
      "v_signal_rms": 10.724445133780716
    },
    "dir_k_late": {
      "n": 50,
      "accuracy": 0.22,
      "text_accuracy": 0.9925317620406671,
      "clean_text_accuracy": 1.0,
      "accuracy_drop": 0.78,
      "text_drop": 0.007468237959332935,
      "dissociation": 0.7725317620406671,
      "k_rms": 94.95467057475794,
      "v_rms": 0.0,
      "k_signal_rms": 67.14407804381823,
      "v_signal_rms": 10.641838420167177
    },
    "dir_v_late": {
      "n": 50,
      "accuracy": 0.88,
      "text_accuracy": 0.9916278011226758,
      "clean_text_accuracy": 1.0,
      "accuracy_drop": 0.12,
      "text_drop": 0.00837219887732421,
      "dissociation": 0.11162780112267578,
      "k_rms": 0.0,
      "v_rms": 14.795592566436305,
      "k_signal_rms": 66.17602500926962,
      "v_signal_rms": 10.458352809623584
    },
    "dir_kv_early": {
      "n": 50,
      "accuracy": 0.02,
      "text_accuracy": 0.11284725693910808,
      "clean_text_accuracy": 1.0,
      "accuracy_drop": 0.98,
      "text_drop": 0.8871527430608919,
      "dissociation": 0.09284725693910811,
      "k_rms": 87.25694399823264,
      "v_rms": 15.026116606685234,
      "k_signal_rms": 61.73676371131753,
      "v_signal_rms": 10.624474907957474
    },
    "dir_kv_mid": {
      "n": 50,
      "accuracy": 0.04,
      "text_accuracy": 0.5385708672749808,
      "clean_text_accuracy": 1.0,
      "accuracy_drop": 0.96,
      "text_drop": 0.4614291327250192,
      "dissociation": 0.4985708672749808,
      "k_rms": 89.14965651338024,
      "v_rms": 15.16996530376799,
      "k_signal_rms": 63.006629929976945,
      "v_signal_rms": 10.726089883736067
    },
    "dir_kv_late": {
      "n": 50,
      "accuracy": 0.08,
      "text_accuracy": 0.9891083752213146,
      "clean_text_accuracy": 1.0,
      "accuracy_drop": 0.92,
      "text_drop": 0.010891624778685438,
      "dissociation": 0.9091083752213146,
      "k_rms": 88.13851226317718,
      "v_rms": 15.03006141776238,
      "k_signal_rms": 62.3347186102718,
      "v_signal_rms": 10.63085612300114
    }
  },
  "elapsed_seconds": 1501.6615266799927
}