{
  "model": "Qwen/Qwen3-4B-Base",
  "n_problems": 80,
  "n_attempted": 92,
  "n_position_bins": 10,
  "probe_layers": [
    9,
    18,
    27,
    35
  ],
  "n_layers": 36,
  "hidden_size": 2560,
  "kv_dim": 1024,
  "n_kv_heads": 8,
  "head_dim": 128,
  "best_layer_cum": 27,
  "best_layer_bin": 27,
  "answer_stats": {
    "min": 2.0,
    "max": 70000.0,
    "mean": 1942.05,
    "std": 10019.90828663117,
    "n_unique": 61
  },
  "probe_results": {
    "K_cum_L9_b0": {
      "r": 0.3696,
      "p": 0.000742
    },
    "V_cum_L9_b0": {
      "r": 0.3066,
      "p": 0.005676
    },
    "shuffle_cum_L9_b0": {
      "r": -0.1016,
      "p": 0.369794
    },
    "K_cum_L9_b1": {
      "r": 0.5628,
      "p": 0.0
    },
    "V_cum_L9_b1": {
      "r": 0.5967,
      "p": 0.0
    },
    "shuffle_cum_L9_b1": {
      "r": -0.2139,
      "p": 0.056789
    },
    "K_cum_L9_b2": {
      "r": 0.5762,
      "p": 0.0
    },
    "V_cum_L9_b2": {
      "r": 0.6716,
      "p": 0.0
    },
    "shuffle_cum_L9_b2": {
      "r": -0.3106,
      "p": 0.005048
    },
    "K_cum_L9_b3": {
      "r": 0.5384,
      "p": 0.0
    },
    "V_cum_L9_b3": {
      "r": 0.7283,
      "p": 0.0
    },
    "shuffle_cum_L9_b3": {
      "r": -0.1374,
      "p": 0.22406
    },
    "K_cum_L9_b4": {
      "r": 0.5502,
      "p": 0.0
    },
    "V_cum_L9_b4": {
      "r": 0.649,
      "p": 0.0
    },
    "shuffle_cum_L9_b4": {
      "r": -0.1456,
      "p": 0.197373
    },
    "K_cum_L9_b5": {
      "r": 0.5135,
      "p": 1e-06
    },
    "V_cum_L9_b5": {
      "r": 0.6276,
      "p": 0.0
    },
    "shuffle_cum_L9_b5": {
      "r": 0.0507,
      "p": 0.655006
    },
    "K_cum_L9_b6": {
      "r": 0.434,
      "p": 5.8e-05
    },
    "V_cum_L9_b6": {
      "r": 0.5624,
      "p": 0.0
    },
    "shuffle_cum_L9_b6": {
      "r": -0.2506,
      "p": 0.024971
    },
    "K_cum_L9_b7": {
      "r": 0.3026,
      "p": 0.006371
    },
    "V_cum_L9_b7": {
      "r": 0.4733,
      "p": 9e-06
    },
    "shuffle_cum_L9_b7": {
      "r": -0.1813,
      "p": 0.107447
    },
    "K_cum_L9_b8": {
      "r": 0.2617,
      "p": 0.019035
    },
    "V_cum_L9_b8": {
      "r": 0.4548,
      "p": 2.3e-05
    },
    "shuffle_cum_L9_b8": {
      "r": 0.0581,
      "p": 0.608545
    },
    "K_cum_L9_b9": {
      "r": 0.2686,
      "p": 0.016008
    },
    "V_cum_L9_b9": {
      "r": 0.38,
      "p": 0.000507
    },
    "shuffle_cum_L9_b9": {
      "r": -0.2914,
      "p": 0.008721
    },
    "K_cum_L18_b0": {
      "r": 0.4,
      "p": 0.000237
    },
    "V_cum_L18_b0": {
      "r": 0.391,
      "p": 0.000336
    },
    "shuffle_cum_L18_b0": {
      "r": 0.1597,
      "p": 0.157025
    },
    "K_cum_L18_b1": {
      "r": 0.4455,
      "p": 3.5e-05
    },
    "V_cum_L18_b1": {
      "r": 0.5789,
      "p": 0.0
    },
    "shuffle_cum_L18_b1": {
      "r": -0.2826,
      "p": 0.011104
    },
    "K_cum_L18_b2": {
      "r": 0.6414,
      "p": 0.0
    },
    "V_cum_L18_b2": {
      "r": 0.6904,
      "p": 0.0
    },
    "shuffle_cum_L18_b2": {
      "r": -0.3046,
      "p": 0.006015
    },
    "K_cum_L18_b3": {
      "r": 0.6336,
      "p": 0.0
    },
    "V_cum_L18_b3": {
      "r": 0.7794,
      "p": 0.0
    },
    "shuffle_cum_L18_b3": {
      "r": -0.1045,
      "p": 0.356422
    },
    "K_cum_L18_b4": {
      "r": 0.6163,
      "p": 0.0
    },
    "V_cum_L18_b4": {
      "r": 0.7929,
      "p": 0.0
    },
    "shuffle_cum_L18_b4": {
      "r": 0.0152,
      "p": 0.89362
    },
    "K_cum_L18_b5": {
      "r": 0.5605,
      "p": 0.0
    },
    "V_cum_L18_b5": {
      "r": 0.7105,
      "p": 0.0
    },
    "shuffle_cum_L18_b5": {
      "r": -0.2406,
      "p": 0.031588
    },
    "K_cum_L18_b6": {
      "r": 0.4957,
      "p": 3e-06
    },
    "V_cum_L18_b6": {
      "r": 0.6452,
      "p": 0.0
    },
    "shuffle_cum_L18_b6": {
      "r": -0.2509,
      "p": 0.0248
    },
    "K_cum_L18_b7": {
      "r": 0.3602,
      "p": 0.001029
    },
    "V_cum_L18_b7": {
      "r": 0.5547,
      "p": 0.0
    },
    "shuffle_cum_L18_b7": {
      "r": -0.1834,
      "p": 0.103439
    },
    "K_cum_L18_b8": {
      "r": 0.2272,
      "p": 0.042713
    },
    "V_cum_L18_b8": {
      "r": 0.5593,
      "p": 0.0
    },
    "shuffle_cum_L18_b8": {
      "r": -0.0579,
      "p": 0.609792
    },
    "K_cum_L18_b9": {
      "r": 0.2939,
      "p": 0.008137
    },
    "V_cum_L18_b9": {
      "r": 0.5276,
      "p": 0.0
    },
    "shuffle_cum_L18_b9": {
      "r": -0.3477,
      "p": 0.001576
    },
    "K_cum_L27_b0": {
      "r": 0.4303,
      "p": 6.8e-05
    },
    "V_cum_L27_b0": {
      "r": 0.454,
      "p": 2.3e-05
    },
    "shuffle_cum_L27_b0": {
      "r": 0.0657,
      "p": 0.56245
    },
    "K_cum_L27_b1": {
      "r": 0.5928,
      "p": 0.0
    },
    "V_cum_L27_b1": {
      "r": 0.6291,
      "p": 0.0
    },
    "shuffle_cum_L27_b1": {
      "r": -0.267,
      "p": 0.016676
    },
    "K_cum_L27_b2": {
      "r": 0.6289,
      "p": 0.0
    },
    "V_cum_L27_b2": {
      "r": 0.6253,
      "p": 0.0
    },
    "shuffle_cum_L27_b2": {
      "r": -0.2796,
      "p": 0.012004
    },
    "K_cum_L27_b3": {
      "r": 0.6375,
      "p": 0.0
    },
    "V_cum_L27_b3": {
      "r": 0.6652,
      "p": 0.0
    },
    "shuffle_cum_L27_b3": {
      "r": 0.0505,
      "p": 0.656494
    },
    "K_cum_L27_b4": {
      "r": 0.6124,
      "p": 0.0
    },
    "V_cum_L27_b4": {
      "r": 0.6296,
      "p": 0.0
    },
    "shuffle_cum_L27_b4": {
      "r": -0.1144,
      "p": 0.312255
    },
    "K_cum_L27_b5": {
      "r": 0.617,
      "p": 0.0
    },
    "V_cum_L27_b5": {
      "r": 0.5744,
      "p": 0.0
    },
    "shuffle_cum_L27_b5": {
      "r": -0.0879,
      "p": 0.438125
    },
    "K_cum_L27_b6": {
      "r": 0.6409,
      "p": 0.0
    },
    "V_cum_L27_b6": {
      "r": 0.5092,
      "p": 1e-06
    },
    "shuffle_cum_L27_b6": {
      "r": -0.2501,
      "p": 0.025235
    },
    "K_cum_L27_b7": {
      "r": 0.4815,
      "p": 6e-06
    },
    "V_cum_L27_b7": {
      "r": 0.4522,
      "p": 2.5e-05
    },
    "shuffle_cum_L27_b7": {
      "r": -0.1814,
      "p": 0.10741
    },
    "K_cum_L27_b8": {
      "r": 0.3971,
      "p": 0.000265
    },
    "V_cum_L27_b8": {
      "r": 0.4885,
      "p": 4e-06
    },
    "shuffle_cum_L27_b8": {
      "r": 0.0628,
      "p": 0.580232
    },
    "K_cum_L27_b9": {
      "r": 0.3538,
      "p": 0.001286
    },
    "V_cum_L27_b9": {
      "r": 0.4374,
      "p": 5e-05
    },
    "shuffle_cum_L27_b9": {
      "r": -0.3267,
      "p": 0.0031
    },
    "K_cum_L35_b0": {
      "r": 0.4338,
      "p": 5.8e-05
    },
    "V_cum_L35_b0": {
      "r": 0.4336,
      "p": 5.9e-05
    },
    "shuffle_cum_L35_b0": {
      "r": -0.0887,
      "p": 0.434106
    },
    "K_cum_L35_b1": {
      "r": 0.5428,
      "p": 0.0
    },
    "V_cum_L35_b1": {
      "r": 0.5628,
      "p": 0.0
    },
    "shuffle_cum_L35_b1": {
      "r": -0.2408,
      "p": 0.031435
    },
    "K_cum_L35_b2": {
      "r": 0.5878,
      "p": 0.0
    },
    "V_cum_L35_b2": {
      "r": 0.6067,
      "p": 0.0
    },
    "shuffle_cum_L35_b2": {
      "r": -0.2016,
      "p": 0.072885
    },
    "K_cum_L35_b3": {
      "r": 0.5861,
      "p": 0.0
    },
    "V_cum_L35_b3": {
      "r": 0.6196,
      "p": 0.0
    },
    "shuffle_cum_L35_b3": {
      "r": 0.0348,
      "p": 0.759442
    },
    "K_cum_L35_b4": {
      "r": 0.5789,
      "p": 0.0
    },
    "V_cum_L35_b4": {
      "r": 0.5812,
      "p": 0.0
    },
    "shuffle_cum_L35_b4": {
      "r": -0.092,
      "p": 0.416811
    },
    "K_cum_L35_b5": {
      "r": 0.5929,
      "p": 0.0
    },
    "V_cum_L35_b5": {
      "r": 0.5394,
      "p": 0.0
    },
    "shuffle_cum_L35_b5": {
      "r": -0.0797,
      "p": 0.482041
    },
    "K_cum_L35_b6": {
      "r": 0.5851,
      "p": 0.0
    },
    "V_cum_L35_b6": {
      "r": 0.4938,
      "p": 3e-06
    },
    "shuffle_cum_L35_b6": {
      "r": -0.2498,
      "p": 0.025427
    },
    "K_cum_L35_b7": {
      "r": 0.4255,