{
  "n_total": 496,
  "n_correct": 436,
  "n_incorrect": 60,
  "accuracy": 0.8790322580645161,
  "v_aucs": {
    "L9_b0": 0.5934250764525993,
    "L9_b1": 0.5408639143730888,
    "L9_b2": 0.5641437308868502,
    "L9_b3": 0.6312308868501529,
    "L9_b4": 0.48845565749235476,
    "L9_b5": 0.594762996941896,
    "L9_b6": 0.5081422018348624,
    "L9_b7": 0.6372706422018349,
    "L9_b8": 0.6804663608562691,
    "L9_b9": 0.5578746177370031,
    "L9_b10": 0.5704128440366973,
    "L9_b11": 0.6347477064220184,
    "L9_b12": 0.5252675840978593,
    "L9_b13": 0.4870030581039755,
    "L9_b14": 0.5658256880733945,
    "L9_b15": 0.4361620795107034,
    "L9_b16": 0.5024847094801224,
    "L9_b17": 0.6054281345565748,
    "L9_b18": 0.5998853211009174,
    "L9_b19": 0.6844418960244648,
    "L18_b0": 0.6745412844036697,
    "L18_b1": 0.6921636085626912,
    "L18_b2": 0.6389908256880733,
    "L18_b3": 0.73184250764526,
    "L18_b4": 0.6336391437308868,
    "L18_b5": 0.6388761467889909,
    "L18_b6": 0.5529051987767584,
    "L18_b7": 0.6713302752293578,
    "L18_b8": 0.6472859327217125,
    "L18_b9": 0.6277905198776758,
    "L18_b10": 0.694762996941896,
    "L18_b11": 0.6547782874617738,
    "L18_b12": 0.6365061162079511,
    "L18_b13": 0.6264143730886851,
    "L18_b14": 0.7350917431192662,
    "L18_b15": 0.6050076452599389,
    "L18_b16": 0.6438073394495413,
    "L18_b17": 0.6975535168195719,
    "L18_b18": 0.6489678899082569,
    "L18_b19": 0.7133792048929664,
    "L27_b0": 0.6571865443425077,
    "L27_b1": 0.6296636085626911,
    "L27_b2": 0.6299311926605505,
    "L27_b3": 0.6455275229357798,
    "L27_b4": 0.6074159021406728,
    "L27_b5": 0.5867354740061161,
    "L27_b6": 0.5849388379204894,
    "L27_b7": 0.7468272171253822,
    "L27_b8": 0.6014908256880734,
    "L27_b9": 0.6828746177370031,
    "L27_b10": 0.6700305810397553,
    "L27_b11": 0.6555810397553516,
    "L27_b12": 0.6259938837920489,
    "L27_b13": 0.5475917431192661,
    "L27_b14": 0.6780963302752293,
    "L27_b15": 0.5424694189602446,
    "L27_b16": 0.6766437308868501,
    "L27_b17": 0.6900993883792048,
    "L27_b18": 0.6910932721712538,
    "L27_b19": 0.7353975535168196,
    "L35_b0": 0.6258792048929663,
    "L35_b1": 0.5893348623853212,
    "L35_b2": 0.6875000000000001,
    "L35_b3": 0.6893730886850153,
    "L35_b4": 0.5880733944954128,
    "L35_b5": 0.6038608562691132,
    "L35_b6": 0.5886085626911315,
    "L35_b7": 0.7196865443425077,
    "L35_b8": 0.6265290519877675,
    "L35_b9": 0.6169724770642202,
    "L35_b10": 0.6545871559633027,
    "L35_b11": 0.7275229357798165,
    "L35_b12": 0.6436926605504588,
    "L35_b13": 0.68184250764526,
    "L35_b14": 0.6367354740061162,
    "L35_b15": 0.5686926605504588,
    "L35_b16": 0.6460244648318043,
    "L35_b17": 0.7186162079510703,
    "L35_b18": 0.7084097859327216,
    "L35_b19": 0.797782874617737
  },
  "k_aucs": {
    "L9_b0": 0.6063455657492355,
    "L9_b1": 0.5477064220183486,
    "L9_b2": 0.6285550458715596,
    "L9_b3": 0.6549694189602446,
    "L9_b4": 0.5599770642201836,
    "L9_b5": 0.5824541284403669,
    "L9_b6": 0.5998853211009175,
    "L9_b7": 0.6232415902140673,
    "L9_b8": 0.6377675840978594,
    "L9_b9": 0.5964449541284403,
    "L9_b10": 0.6461391437308869,
    "L9_b11": 0.661697247706422,
    "L9_b12": 0.6251911314984708,
    "L9_b13": 0.5648318042813455,
    "L9_b14": 0.5794724770642202,
    "L9_b15": 0.5070718654434251,
    "L9_b16": 0.5110091743119265,
    "L9_b17": 0.6519495412844036,
    "L9_b18": 0.5782874617737003,
    "L9_b19": 0.6630351681957187,
    "L18_b0": 0.6210244648318043,
    "L18_b1": 0.655619266055046,
    "L18_b2": 0.6676223241590215,
    "L18_b3": 0.7120412844036698,
    "L18_b4": 0.5790137614678899,
    "L18_b5": 0.632454128440367,
    "L18_b6": 0.6013379204892967,
    "L18_b7": 0.68065749235474,
    "L18_b8": 0.6730886850152905,
    "L18_b9": 0.6638379204892967,
    "L18_b10": 0.6476299694189602,
    "L18_b11": 0.7202217125382263,
    "L18_b12": 0.6122324159021406,
    "L18_b13": 0.5902522935779816,
    "L18_b14": 0.7158639143730887,
    "L18_b15": 0.5784785932721713,
    "L18_b16": 0.6033256880733946,
    "L18_b17": 0.6406345565749235,
    "L18_b18": 0.6168195718654435,
    "L18_b19": 0.6749617737003059,
    "L27_b0": 0.6763761467889908,
    "L27_b1": 0.6077217125382263,
    "L27_b2": 0.6502293577981652,
    "L27_b3": 0.6988149847094801,
    "L27_b4": 0.5855886850152905,
    "L27_b5": 0.6369266055045871,
    "L27_b6": 0.6476299694189603,
    "L27_b7": 0.7769495412844036,
    "L27_b8": 0.7051987767584098,
    "L27_b9": 0.6792048929663609,
    "L27_b10": 0.6974388379204893,
    "L27_b11": 0.6941131498470948,
    "L27_b12": 0.6098623853211009,
    "L27_b13": 0.6301223241590214,
    "L27_b14": 0.6460626911314985,
    "L27_b15": 0.5832951070336391,
    "L27_b16": 0.6215214067278287,
    "L27_b17": 0.6868501529051989,
    "L27_b18": 0.6833715596330275,
    "L27_b19": 0.6948012232415902,
    "L35_b0": 0.6652140672782875,
    "L35_b1": 0.6031727828746177,
    "L35_b2": 0.692125382262997,
    "L35_b3": 0.6714449541284405,
    "L35_b4": 0.5535550458715597,
    "L35_b5": 0.6399847094801223,
    "L35_b6": 0.6541284403669726,
    "L35_b7": 0.7002675840978594,
    "L35_b8": 0.6843654434250764,
    "L35_b9": 0.688723241590214,
    "L35_b10": 0.6944954128440367,
    "L35_b11": 0.715749235474006,
    "L35_b12": 0.6386085626911315,
    "L35_b13": 0.5977446483180429,
    "L35_b14": 0.6758792048929664,
    "L35_b15": 0.5756498470948013,
    "L35_b16": 0.6308868501529052,
    "L35_b17": 0.6672018348623853,
    "L35_b18": 0.6975535168195719,
    "L35_b19": 0.7308103975535168
  },
  "text_aucs": {
    "L9_b0": 0.5268922018348624,
    "L9_b1": 0.45582951070336397,
    "L9_b2": 0.5293195718654433,
    "L9_b3": 0.5378631498470948,
    "L9_b4": 0.5511850152905199,
    "L9_b5": 0.5348241590214068,
    "L9_b6": 0.5163035168195719,
    "L9_b7": 0.5618501529051988,
    "L9_b8": 0.5761467889908257,
    "L9_b9": 0.6261085626911316,
    "L9_b10": 0.6278287461773701,
    "L9_b11": 0.597974006116208,
    "L9_b12": 0.5850152905198777,
    "L9_b13": 0.563914373088685,
    "L9_b14": 0.5718272171253823,
    "L9_b15": 0.5363532110091743,
    "L9_b16": 0.5297400611620795,
    "L9_b17": 0.5901758409785933,
    "L9_b18": 0.5696483180428135,
    "L9_b19": 0.5417813455657492,
    "L18_b0": 0.5268922018348624,
    "L18_b1": 0.45582951070336397,
    "L18_b2": 0.5293195718654433,
    "L18_b3": 0.5378631498470948,
    "L18_b4": 0.5511850152905199,
    "L18_b5": 0.5348241590214068,
    "L18_b6": 0.5163035168195719,
    "L18_b7": 0.5618501529051988,
    "L18_b8": 0.5761467889908257,
    "L18_b9": 0.6261085626911316,
    "L18_b10": 0.6278287461773701,
    "L18_b11": 0.597974006116208,
    "L18_b12": 0.5850152905198777,
    "L18_b13": 0.563914373088685,
    "L18_b14": 0.5718272171253823,
    "L18_b15": 0.5363532110091743,
    "L18_b16": 0.5297400611620795,
    "L18_b17": 0.5901758409785933,
    "L18_b18": 0.5696483180428135,
    "L18_b19": 0.5417813455657492,
    "L27_b0": 0.5268922018348624,
    "L27_b1": 0.45582951070336397,
    "L27_b2": 0.5293195718654433,
    "L27_b3": 0.5378631498470948,
    "L27_b4": 0.5511850152905199,
    "L27_b5": 0.5348241590214068,
    "L27_b6": 0.5163035168195719,
    "L27_b7": 0.5618501529051988,
    "L27_b8": 0.5761467889908257,
    "L27_b9": 0.6261085626911316,
    "L27_b10": 0.6278287461773701,
    "L27_b11": 0.597974006116208,
    "L27_b12": 0.5850152905198777,
    "L27_b13": 0.563914373088685,
    "L27_b14": 0.5718272171253823,
    "L27_b15": 0.5363532110091743,
    "L27_b16": 0.5297400611620795,
    "L27_b17": 0.5901758409785933,
    "L27_b18": 0.5696483180428135,
    "L27_b19": 0.5417813455657492,
    "L35_b0": 0.5268922018348624,
    "L35_b1": 0.45582951070336397,
    "L35_b2": 0.5293195718654433,
    "L35_b3": 0.5378631498470948,
    "L35_b4": 0.5511850152905199,
    "L35_b5": 0.5348241590214068,
    "L35_b6": 0.5163035168195719,
    "L35_b7": 0.5618501529051988,
    "L35_b8": 0.5761467889908257,