{
  "n_total": 450,
  "n_correct": 393,
  "n_incorrect": 57,
  "accuracy": 0.8733333333333333,
  "mean_chain_correct": 98.81170483460559,
  "mean_chain_incorrect": 128.140350877193,
  "mean_prompt_len": 1162.68,
  "aucs": {
    "('V_prompt', 9)": 0.6318021516896567,
    "('K_prompt', 9)": 0.5982768626400607,
    "('V_chain0_single', 9)": 0.5821168697825989,
    "('K_chain0_single', 9)": 0.594660952636043,
    "('V_chain', 9, 0)": 0.6022052586938084,
    "('K_chain', 9, 0)": 0.6519351814651132,
    "('text', 9, 0)": 0.4199589304048927,
    "('V_chain', 9, 1)": 0.5256015356457302,
    "('K_chain', 9, 1)": 0.5559126824695326,
    "('text', 9, 1)": 0.4611624481049953,
    "('V_chain', 9, 2)": 0.5945716709075488,
    "('K_chain', 9, 2)": 0.6241685639033971,
    "('text', 9, 2)": 0.5489933485112272,
    "('V_chain', 9, 3)": 0.6048837105486362,
    "('K_chain', 9, 3)": 0.639301816883175,
    "('text', 9, 3)": 0.5292620865139949,
    "('V_chain', 9, 4)": 0.4975224320342842,
    "('K_chain', 9, 4)": 0.5390830766483639,
    "('text', 9, 4)": 0.5340163385563145,
    "('V_chain', 9, 5)": 0.5304227489844204,
    "('K_chain', 9, 5)": 0.551671800366055,
    "('text', 9, 5)": 0.5338154546672024,
    "('V_chain', 9, 6)": 0.562162403464131,
    "('K_chain', 9, 6)": 0.5842149904022143,
    "('text', 9, 6)": 0.5644837284049821,
    "('V_chain', 9, 7)": 0.6458640239275033,
    "('K_chain', 9, 7)": 0.6332306593455649,
    "('text', 9, 7)": 0.54926119369671,
    "('V_chain', 9, 8)": 0.5922057051024507,
    "('K_chain', 9, 8)": 0.6463997142984689,
    "('text', 9, 8)": 0.6157314405606892,
    "('V_chain', 9, 9)": 0.5358689344225704,
    "('K_chain', 9, 9)": 0.6199723226641668,
    "('text', 9, 9)": 0.6286326503281103,
    "('V_chain', 9, 10)": 0.6104191777152806,
    "('K_chain', 9, 10)": 0.6790321860631221,
    "('text', 9, 10)": 0.5986339895540378,
    "('V_chain', 9, 11)": 0.5903754296683185,
    "('K_chain', 9, 11)": 0.6666220258024195,
    "('text', 9, 11)": 0.5835453774385072,
    "('V_chain', 9, 12)": 0.5935895718941119,
    "('K_chain', 9, 12)": 0.6614883264139992,
    "('text', 9, 12)": 0.5765814026159547,
    "('V_chain', 9, 13)": 0.4746663095397527,
    "('K_chain', 9, 13)": 0.5764921208874603,
    "('text', 9, 13)": 0.5816704611401277,
    "('V_chain', 9, 14)": 0.5470291504843534,
    "('K_chain', 9, 14)": 0.5918932190527207,
    "('text', 9, 14)": 0.5964912280701754,
    "('V_chain', 9, 15)": 0.43565019418775947,
    "('K_chain', 9, 15)": 0.5081469577251017,
    "('text', 9, 15)": 0.5235480558903621,
    "('V_chain', 9, 16)": 0.5316726931833401,
    "('K_chain', 9, 16)": 0.5077898308111245,
    "('text', 9, 16)": 0.5544395339493773,
    "('V_chain', 9, 17)": 0.573992232489621,
    "('K_chain', 9, 17)": 0.5682782018659882,
    "('text', 9, 17)": 0.5589482612383376,
    "('V_chain', 9, 18)": 0.5852863711441453,
    "('K_chain', 9, 18)": 0.5581447256818892,
    "('text', 9, 18)": 0.5587696977813491,
    "('V_chain', 9, 19)": 0.5896165349761171,
    "('K_chain', 9, 19)": 0.6316235882326681,
    "('text', 9, 19)": 0.5691263782866837,
    "('V_prompt', 18)": 0.678585777420651,
    "('K_prompt', 18)": 0.5987232712825321,
    "('V_chain0_single', 18)": 0.6797464398910764,
    "('K_chain0_single', 18)": 0.7000580331235213,
    "('V_chain', 18, 0)": 0.6591223606089013,
    "('K_chain', 18, 0)": 0.6772465514932369,
    "('text', 18, 0)": 0.4199589304048927,
    "('V_chain', 18, 1)": 0.6579170572742288,
    "('K_chain', 18, 1)": 0.670148654077943,
    "('text', 18, 1)": 0.4611624481049953,
    "('V_chain', 18, 2)": 0.6919333958305434,
    "('K_chain', 18, 2)": 0.6412213740458015,
    "('text', 18, 2)": 0.5489933485112272,
    "('V_chain', 18, 3)": 0.7168876389446899,
    "('K_chain', 18, 3)": 0.7127360385697067,
    "('text', 18, 3)": 0.5292620865139949,
    "('V_chain', 18, 4)": 0.5945716709075488,
    "('K_chain', 18, 4)": 0.5879648229989733,
    "('text', 18, 4)": 0.5340163385563145,
    "('V_chain', 18, 5)": 0.5845721173161913,
    "('K_chain', 18, 5)": 0.6364448015713583,
    "('text', 18, 5)": 0.5338154546672024,
    "('V_chain', 18, 6)": 0.5911343243605197,
    "('K_chain', 18, 6)": 0.589170126333646,
    "('text', 18, 6)": 0.5644837284049821,
    "('V_chain', 18, 7)": 0.7037185839917861,
    "('K_chain', 18, 7)": 0.6844783715012723,
    "('text', 18, 7)": 0.54926119369671,
    "('V_chain', 18, 8)": 0.6133654747555912,
    "('K_chain', 18, 8)": 0.6584081067809472,
    "('text', 18, 8)": 0.6157314405606892,
    "('V_chain', 18, 9)": 0.688808535333244,
    "('K_chain', 18, 9)": 0.6955939466988081,
    "('text', 18, 9)": 0.6286326503281103,
    "('V_chain', 18, 10)": 0.6784072139636623,
    "('K_chain', 18, 10)": 0.6431409312084282,
    "('text', 18, 10)": 0.5986339895540378,
    "('V_chain', 18, 11)": 0.6747913039596446,
    "('K_chain', 18, 11)": 0.6965314048479978,
    "('text', 18, 11)": 0.5835453774385072,
    "('V_chain', 18, 12)": 0.6563546270255792,
    "('K_chain', 18, 12)": 0.6471139681264229,
    "('text', 18, 12)": 0.5765814026159547,
    "('V_chain', 18, 13)": 0.6634971653051204,
    "('K_chain', 18, 13)": 0.6019374135083255,
    "('text', 18, 13)": 0.5816704611401277,
    "('V_chain', 18, 14)": 0.6189455827864827,
    "('K_chain', 18, 14)": 0.6880496406410428,
    "('text', 18, 14)": 0.5964912280701754,
    "('V_chain', 18, 15)": 0.6033212802999866,
    "('K_chain', 18, 15)": 0.5941699031293246,
    "('text', 18, 15)": 0.5235480558903621,
    "('V_chain', 18, 16)": 0.6639435739475916,
    "('K_chain', 18, 16)": 0.5980982991830721,
    "('text', 18, 16)": 0.5544395339493773,
    "('V_chain', 18, 17)": 0.6670684344448908,
    "('K_chain', 18, 17)": 0.6638096513548503,
    "('text', 18, 17)": 0.5589482612383376,
    "('V_chain', 18, 18)": 0.6489888844248025,
    "('K_chain', 18, 18)": 0.6239007187179144,
    "('text', 18, 18)": 0.5587696977813491,
    "('V_chain', 18, 19)": 0.7189857595643051,
    "('K_chain', 18, 19)": 0.6881389223695371,
    "('text', 18, 19)": 0.5691263782866837,
    "('V_prompt', 27)": 0.7286281862416858,
    "('K_prompt', 27)": 0.7583143609660282,
    "('V_chain0_single', 27)": 0.6487210392393197,
    "('K_chain0_single', 27)": 0.6044149814740414,
    "('V_chain', 27, 0)": 0.6203740904423909,
    "('K_chain', 27, 0)": 0.6995669836168029,
    "('text', 27, 0)": 0.4199589304048927,
    "('V_chain', 27, 1)": 0.6006874693094058,
    "('K_chain', 27, 1)": 0.6323378420606223,
    "('text', 27, 1)": 0.4611624481049953,
    "('V_chain', 27, 2)": 0.6951475380563368,
    "('K_chain', 27, 2)": 0.692201241016026,
    "('text', 27, 2)": 0.5489933485112272,
    "('V_chain', 27, 3)": 0.6268916566224723,
    "('K_chain', 27, 3)": 0.6939422347216643,
    "('text', 27, 3)": 0.5292620865139949,
    "('V_chain', 27, 4)": 0.5839025043524843,
    "('K_chain', 27, 4)": 0.6002857015311817,
    "('text', 27, 4)": 0.5340163385563145,
    "('V_chain', 27, 5)": 0.5788134458283113,
    "('K_chain', 27, 5)": 0.6128297843846257,
    "('text', 27, 5)": 0.5338154546672024,
    "('V_chain', 27, 6)": 0.5635016293915451,
    "('K_chain', 27, 6)": 0.6128297843846257,
    "('text', 27, 6)": 0.5644837284049821,
    "('V_chain', 27, 7)": 0.7430025445292621,
    "('K_chain', 27, 7)": 0.747734476139458,
    "('text', 27, 7)": 0.54926119369671,
    "('V_chain', 27, 8)": 0.6292129815633231,
    "('K_chain', 27, 8)": 0.6730503102540065,
    "('text', 27, 8)": 0.6157314405606892,
    "('V_chain', 27, 9)": 0.6868443373063702,
    "('K_chain', 27, 9)": 0.6976474264541761,
    "('text', 27, 9)": 0.6286326503281103,
    "('V_chain', 27, 10)": 0.6377393866345252,
    "('K_chain', 27, 10)": 0.7143877505468506,
    "('text', 27, 10)": 0.5986339895540378,
    "('V_chain', 27, 11)": 0.5997946520244631,
    "('K_chain', 27, 11)": 0.6719342886478283,
    "('text', 27, 11)": 0.5835453774385072,
    "('V_chain', 27, 12)": 0.6963082005267621,
    "('K_chain', 27, 12)": 0.6828266595241284,
    "('text', 27, 12)": 0.5765814026159547,
    "('V_chain', 27, 13)": 0.5689031739654481,