{
  "experiment": "exp_049_head_position_interaction",
  "model": "Qwen/Qwen3-4B-Base",
  "num_layers": 36,
  "n_kv_heads": 8,
  "n_attn_heads": 32,
  "head_dim": 128,
  "architecture": "GQA",
  "answer_head": 5,
  "disp_head": 7,
  "n_valid": 43,
  "n_processed": 43,
  "n_skip_wrong": 2,
  "n_skip_trunc": 0,
  "conditions": [
    "h5_early",
    "h5_mid",
    "h5_late",
    "h5_all",
    "h7_early",
    "h7_mid",
    "h7_late",
    "h7_all"
  ],
  "aggregated": {
    "h5_early": {
      "n": 43,
      "n_correct": 24,
      "accuracy": 0.5581395348837209,
      "text_accuracy": 0.9025252937874768,
      "clean_text_accuracy": 1.0,
      "accuracy_drop": 0.4418604651162791,
      "text_drop": 0.09747470621252319,
      "dissociation": 0.3443857589037559,
      "wilson_ci_lo": 0.4110735806551172,
      "wilson_ci_hi": 0.6956691437607866,
      "perturb_rms": 52.78111758965975,
      "signal_rms": 37.29691104479715,
      "mean_positions_perturbed": 40.30232558139535,
      "mean_total_positions": 120.76744186046511
    },
    "h5_mid": {
      "n": 43,
      "n_correct": 28,
      "accuracy": 0.6511627906976745,
      "text_accuracy": 0.943528969979083,
      "clean_text_accuracy": 1.0,
      "accuracy_drop": 0.34883720930232553,
      "text_drop": 0.056471030020917024,
      "dissociation": 0.2923661792814085,
      "wilson_ci_lo": 0.501715070970981,
      "wilson_ci_hi": 0.775816012510369,
      "perturb_rms": 53.08233185442866,
      "signal_rms": 37.511675341233854,
      "mean_positions_perturbed": 40.16279069767442,
      "mean_total_positions": 120.76744186046511
    },
    "h5_late": {
      "n": 43,
      "n_correct": 28,
      "accuracy": 0.6511627906976745,
      "text_accuracy": 0.9788587714757307,
      "clean_text_accuracy": 1.0,
      "accuracy_drop": 0.34883720930232553,
      "text_drop": 0.02114122852426925,
      "dissociation": 0.3276959807780563,
      "wilson_ci_lo": 0.501715070970981,
      "wilson_ci_hi": 0.775816012510369,
      "perturb_rms": 53.89997591526878,
      "signal_rms": 38.11176571800928,
      "mean_positions_perturbed": 40.30232558139535,
      "mean_total_positions": 120.76744186046511
    },
    "h5_all": {
      "n": 43,
      "n_correct": 26,
      "accuracy": 0.6046511627906976,
      "text_accuracy": 0.8877370145992098,
      "clean_text_accuracy": 1.0,
      "accuracy_drop": 0.39534883720930236,
      "text_drop": 0.11226298540079016,
      "dissociation": 0.2830858518085122,
      "wilson_ci_lo": 0.4557879659331909,
      "wilson_ci_hi": 0.7363489380154359,
      "perturb_rms": 53.271457188070144,
      "signal_rms": 37.676885422663275,
      "mean_positions_perturbed": 120.76744186046511,
      "mean_total_positions": 120.76744186046511
    },
    "h7_early": {
      "n": 43,
      "n_correct": 43,
      "accuracy": 1.0,
      "text_accuracy": 0.9790129346611927,
      "clean_text_accuracy": 1.0,
      "accuracy_drop": 0.0,
      "text_drop": 0.020987065338807342,
      "dissociation": -0.020987065338807342,
      "wilson_ci_lo": 0.9179874299767727,
      "wilson_ci_hi": 1.0,
      "perturb_rms": 56.56198023018035,
      "signal_rms": 39.97553614768359,
      "mean_positions_perturbed": 40.30232558139535,
      "mean_total_positions": 120.76744186046511
    },
    "h7_mid": {
      "n": 43,
      "n_correct": 43,
      "accuracy": 1.0,
      "text_accuracy": 0.9905351082494235,
      "clean_text_accuracy": 1.0,
      "accuracy_drop": 0.0,
      "text_drop": 0.00946489175057652,
      "dissociation": -0.00946489175057652,
      "wilson_ci_lo": 0.9179874299767727,
      "wilson_ci_hi": 1.0,
      "perturb_rms": 56.63653788914813,
      "signal_rms": 40.05979142006615,
      "mean_positions_perturbed": 40.16279069767442,
      "mean_total_positions": 120.76744186046511
    },
    "h7_late": {
      "n": 43,
      "n_correct": 43,
      "accuracy": 1.0,
      "text_accuracy": 0.9960762700083344,
      "clean_text_accuracy": 1.0,
      "accuracy_drop": 0.0,
      "text_drop": 0.00392372999166557,
      "dissociation": -0.00392372999166557,
      "wilson_ci_lo": 0.9179874299767727,
      "wilson_ci_hi": 1.0,
      "perturb_rms": 55.80995174097731,
      "signal_rms": 39.53582232594073,
      "mean_positions_perturbed": 40.30232558139535,
      "mean_total_positions": 120.76744186046511
    },
    "h7_all": {
      "n": 43,
      "n_correct": 43,
      "accuracy": 1.0,
      "text_accuracy": 0.9765187403828121,
      "clean_text_accuracy": 1.0,
      "accuracy_drop": 0.0,
      "text_drop": 0.023481259617187944,
      "dissociation": -0.023481259617187944,
      "wilson_ci_lo": 0.9179874299767727,
      "wilson_ci_hi": 1.0,
      "perturb_rms": 56.49585722442715,
      "signal_rms": 39.95390626946085,
      "mean_positions_perturbed": 120.76744186046511,
      "mean_total_positions": 120.76744186046511
    }
  },
  "elapsed_seconds": 1566.0386288166046
}