{
  "config": {
    "model": "Qwen/Qwen3-4B-Base",
    "n_problems": 250,
    "n_correct": 220,
    "n_extracted": 220,
    "accuracy": 88.0,
    "probe_layers": [
      18,
      27
    ],
    "n_bins": 20,
    "n_folds": 5,
    "max_nums_dim": 30,
    "nums_feat_dim": 36,
    "n_bootstrap": 300,
    "seed": 42
  },
  "results": {
    "L18": {
      "V_R": [
        0.4362928142373966,
        0.24635720237455722,
        0.24970752962427537,
        0.31255487539133775,
        0.2551928079607939,
        0.37381715162391943,
        0.24698502253882634,
        0.2614086937935806,
        0.407257922101491,
        0.3032875697528102,
        0.3268286381458107,
        0.30921213788914154,
        0.319121451356313,
        0.39497581375003166,
        0.42840165541827335,
        0.33347982647415764,
        0.5516843394022355,
        0.5396828328323339,
        0.7095606056342805,
        0.7601953320829654
      ],
      "K_R": [
        0.38424819537449745,
        0.2232400477286075,
        0.26450062618630876,
        0.26294908112852716,
        0.23474764690265,
        0.32856435322321365,
        0.26896589206573945,
        0.29136192882863815,
        0.3802451710748598,
        0.3062202156558702,
        0.3365004840318638,
        0.35805115703043017,
        0.23652707532721404,
        0.33111546954924176,
        0.27317415820923985,
        0.2935301788982927,
        0.4895367653351373,
        0.54330586336284,
        0.6182337485600721,
        0.6768277152224496
      ],
      "nums_R": [
        0.35262281274679486,
        0.25768420814592563,
        0.1313964326052219,
        0.26322657663290877,
        0.34064176640019017,
        0.42400270257384204,
        0.26989212066800317,
        0.26832908239285547,
        0.29585025069317034,
        0.27727659553751005,
        0.2768118710483084,
        0.21197224401212372,
        0.3225794789239039,
        0.3037542278847398,
        0.24960102923397395,
        0.24427626601341446,
        0.18323850349443127,
        0.027418681127027975,
        0.2266545946643911,
        0.4573105187961682
      ],
      "V_nums_R": [
        0.35709697407840246,
        0.23204561793908823,
        0.13270731163588598,
        0.19250581877307474,
        0.25120280204600115,
        0.24654036033946383,
        0.1770221136236924,
        0.23135796496800812,
        0.19436366917037393,
        0.17587233215777934,
        0.25011510688789523,
        0.07323121413907248,
        0.1838988192689249,
        0.2660175975583579,
        0.3533049194615826,
        0.16750452181837133,
        0.34030538780800973,
        -0.018046202377129124,
        0.4965864685277202,
        0.42151200584781223
      ],
      "K_nums_R": [
        0.30214899621474284,
        0.1741490707275873,
        0.18881689721825348,
        0.03971630646703522,
        0.25979793645477,
        0.3053286867390615,
        0.1906469177521318,
        0.27932017678611687,
        0.23401104245225665,
        0.19262251165167227,
        0.22818722803021854,
        0.08829931958290871,
        0.2520520542276577,
        0.2790287319848077,
        0.2197536652155722,
        0.14331068634718538,
        0.34863384624100635,
        0.10315991525707538,
        0.38626640662504147,
        0.3721840691573333
      ],
      "shuffle_R": [
        -0.0722353212138584,
        -0.03851614842525908,
        0.07270089003166827,
        0.05974059371542959,
        -0.006278448404784771,
        -0.0222282648411431,
        -0.08922784995430254,
        0.01118813812298617,
        -0.005932878416663797,
        -0.001227709079990615,
        -0.12618554559180306,
        0.047036055831131456,
        0.007643634134263476,
        -0.092823311303642,
        0.04915744542179117,
        -0.005778443745527766,
        0.004146803601090195,
        0.060912778327509354,
        0.014526676845288558,
        0.011763034018369329
      ],
      "n_samples": [
        1165.0,
        1060.0,
        1079.0,
        1028.0,
        1054.0,
        1114.0,
        1058.0,
        1026.0,
        1070.0,
        1021.0,
        1115.0,
        1091.0,
        1026.0,
        1088.0,
        1017.0,
        1066.0,
        1104.0,
        1028.0,
        1090.0,
        945.0
      ],
      "n_groups": [
        220.0,
        220.0,
        220.0,
        220.0,
        220.0,
        220.0,
        220.0,
        220.0,
        220.0,
        220.0,
        220.0,
        220.0,
        220.0,
        220.0,
        220.0,
        220.0,
        220.0,
        220.0,
        220.0,
        220.0
      ]
    },
    "L27": {
      "V_R": [
        0.2663783664221705,
        0.29039001874812864,
        0.320958032250764,
        0.3498554972215113,
        0.38143261690229796,
        0.3844375487069785,
        0.30253955320228204,
        0.29904197800570675,
        0.468206975224276,
        0.42793513885536844,
        0.3807120710522782,
        0.33400476727180967,
        0.3068195576287029,
        0.4193621620809684,
        0.3998305161600331,
        0.3790936778452358,
        0.5702594500741032,
        0.6630978217726478,
        0.7195952843365985,
        0.7270663942958978
      ],
      "K_R": [
        0.24382638513051522,
        0.3006365352616014,
        0.3217069350216651,
        0.25662122274977206,
        0.2193031922007402,
        0.3536567676504574,
        0.33651382612269165,
        0.2816067552318286,
        0.4745688418375796,
        0.39245584912617665,
        0.3904427470034534,
        0.4070606258196087,
        0.25092928133800396,
        0.38673348245383765,
        0.3315539966960502,
        0.2409556394626625,
        0.47055547582564433,
        0.5821924561042872,
        0.5982413452331513,
        0.6538903662835777
      ],
      "nums_R": [
        0.35262281274679486,
        0.25768420814592563,
        0.1313964326052219,
        0.26322657663290877,
        0.34064176640019017,
        0.42400270257384204,
        0.26989212066800317,
        0.26832908239285547,
        0.29585025069317034,
        0.27727659553751005,
        0.2768118710483084,
        0.21197224401212372,
        0.3225794789239039,
        0.3037542278847398,
        0.24960102923397395,
        0.24427626601341446,
        0.18323850349443127,
        0.027418681127027975,
        0.2266545946643911,
        0.4573105187961682
      ],
      "V_nums_R": [
        0.24489375498851057,
        0.2739748910789043,
        0.21525426311193988,
        0.2060764110553369,
        0.27899741395239447,
        0.2870866136268037,
        0.17405628934415893,
        0.2419482248360455,
        0.30822009464269595,
        0.25279417356558237,
        0.3421716532714113,
        0.23573543160769928,
        0.11637168454750449,
        0.2508046565224383,
        0.28888179325477964,
        0.3194552232699006,
        0.3083244299211479,
        0.006427511011752191,
        0.41236477603887783,
        0.4568306701939947
      ],
      "K_nums_R": [
        0.21690098488427187,
        0.31798980473419824,
        0.24683285296743407,
        0.08367249914720415,
        0.20605650929021135,
        0.2948258060851442,
        0.21898399784466824,
        0.18394435749211568,
        0.3101137516656501,
        0.3006575626610286,
        0.2993319249501712,
        0.14986170692845185,
        0.2535657773214866,
        0.3185220077369873,
        0.25871004245252854,
        0.19608068830382783,
        0.28741290725618407,
        0.08031900053478887,
        0.35716680924993105,
        0.4275824989684708
      ],