{
  "experiment": "exp_024_llama_kv_dissociation",
  "model": "meta-llama/Llama-3.1-8B-Instruct",
  "n_valid": 51,
  "n_processed": 51,
  "n_skip_wrong": 14,
  "n_skip_trunc": 0,
  "conditions": [
    "dir_kv_late",
    "dir_k_late",
    "dir_v_late",
    "mag_k_10_late",
    "mag_v_10_late",
    "mag_kv_10_late",
    "dir_kv_late10",
    "mag_kv_10_late10",
    "dir_kv_early",
    "mag_kv_10_early"
  ],
  "aggregated": {
    "dir_kv_late": {
      "n": 51,
      "accuracy": 0.13725490196078433,
      "text_accuracy": 0.9893162816923865,
      "clean_text_accuracy": 1.0,
      "accuracy_drop": 0.8627450980392157,
      "text_drop": 0.010683718307613499,
      "dissociation": 0.8520613797316022,
      "rms_perturbation": 89.38907288211372
    },
    "dir_k_late": {
      "n": 51,
      "accuracy": 0.35294117647058826,
      "text_accuracy": 0.9922287789027718,
      "clean_text_accuracy": 1.0,
      "accuracy_drop": 0.6470588235294117,
      "text_drop": 0.007771221097228165,
      "dissociation": 0.6392876024321835,
      "rms_perturbation": 94.97600234463454
    },
    "dir_v_late": {
      "n": 51,
      "accuracy": 0.8235294117647058,
      "text_accuracy": 0.9925256456228811,
      "clean_text_accuracy": 1.0,
      "accuracy_drop": 0.17647058823529416,
      "text_drop": 0.0074743543771188525,
      "dissociation": 0.1689962338581753,
      "rms_perturbation": 14.786254612497252
    },
    "mag_k_10_late": {
      "n": 51,
      "accuracy": 1.0,
      "text_accuracy": 0.9986776338432313,
      "clean_text_accuracy": 1.0,
      "accuracy_drop": 0.0,
      "text_drop": 0.0013223661567687284,
      "dissociation": -0.0013223661567687284,
      "rms_perturbation": 59.761086509163654
    },
    "mag_v_10_late": {
      "n": 51,
      "accuracy": 1.0,
      "text_accuracy": 0.9991122649827485,
      "clean_text_accuracy": 1.0,
      "accuracy_drop": 0.0,
      "text_drop": 0.0008877350172514786,
      "dissociation": -0.0008877350172514786,
      "rms_perturbation": 8.767975826634757
    },
    "mag_kv_10_late": {
      "n": 51,
      "accuracy": 0.9019607843137255,
      "text_accuracy": 0.998366917775231,
      "clean_text_accuracy": 1.0,
      "accuracy_drop": 0.0980392156862745,
      "text_drop": 0.0016330822247689891,
      "dissociation": 0.0964061334615055,
      "rms_perturbation": 59.57705874185732
    },
    "dir_kv_late10": {
      "n": 51,
      "accuracy": 0.0,
      "text_accuracy": 0.944257472625505,
      "clean_text_accuracy": 1.0,
      "accuracy_drop": 1.0,
      "text_drop": 0.05574252737449503,
      "dissociation": 0.944257472625505,
      "rms_perturbation": 84.77296495837287
    },
    "mag_kv_10_late10": {
      "n": 51,
      "accuracy": 0.8627450980392157,
      "text_accuracy": 0.9845213073264834,
      "clean_text_accuracy": 1.0,
      "accuracy_drop": 0.13725490196078427,
      "text_drop": 0.015478692673516647,
      "dissociation": 0.12177620928726762,
      "rms_perturbation": 59.48405518182866
    },
    "dir_kv_early": {
      "n": 51,
      "accuracy": 0.0196078431372549,
      "text_accuracy": 0.10920879573989074,
      "clean_text_accuracy": 1.0,
      "accuracy_drop": 0.9803921568627451,
      "text_drop": 0.8907912042601093,
      "dissociation": 0.08960095260263579,
      "rms_perturbation": 88.85264627943089
    },
    "mag_kv_10_early": {
      "n": 51,
      "accuracy": 0.9803921568627451,
      "text_accuracy": 0.9155602362303594,
      "clean_text_accuracy": 1.0,
      "accuracy_drop": 0.019607843137254943,
      "text_drop": 0.08443976376964057,
      "dissociation": -0.06483192063238563,
      "rms_perturbation": 59.68047637669459
    }
  },
  "elapsed_seconds": 1504.9828550815582
}