{
  "experiment": "exp_038_mistral_direction_kv",
  "model": "mistralai/Mistral-7B-v0.3",
  "num_layers": 32,
  "n_kv_heads": 8,
  "n_attn_heads": 32,
  "head_dim": 128,
  "architecture": "GQA",
  "n_valid": 48,
  "n_processed": 48,
  "n_skip_wrong": 75,
  "n_skip_trunc": 0,
  "conditions": [
    "dir_k_early",
    "dir_v_early",
    "dir_k_mid",
    "dir_v_mid",
    "dir_k_late",
    "dir_v_late",
    "dir_kv_early",
    "dir_kv_mid",
    "dir_kv_late"
  ],
  "aggregated": {
    "dir_k_early": {
      "n": 48,
      "n_correct": 3,
      "accuracy": 0.0625,
      "text_accuracy": 0.3015637231646508,
      "clean_text_accuracy": 1.0,
      "accuracy_drop": 0.9375,
      "text_drop": 0.6984362768353491,
      "dissociation": 0.23906372316465085,
      "wilson_ci_lo": 0.021482843131227235,
      "wilson_ci_hi": 0.1683569766274222,
      "k_rms": 83.27263775956966,
      "v_rms": 0.0,
      "k_signal_rms": 58.87301235129729,
      "v_signal_rms": 15.739872151959295
    },
    "dir_v_early": {
      "n": 48,
      "n_correct": 48,
      "accuracy": 1.0,
      "text_accuracy": 0.9334424389714195,
      "clean_text_accuracy": 1.0,
      "accuracy_drop": 0.0,
      "text_drop": 0.06655756102858046,
      "dissociation": -0.06655756102858046,
      "wilson_ci_lo": 0.9258973488472576,
      "wilson_ci_hi": 0.9999999999999998,
      "k_rms": 0.0,
      "v_rms": 22.48090886219636,
      "k_signal_rms": 57.941711732240854,
      "v_signal_rms": 15.896087214600309
    },
    "dir_k_mid": {
      "n": 48,
      "n_correct": 3,
      "accuracy": 0.0625,
      "text_accuracy": 0.6494206171700685,
      "clean_text_accuracy": 1.0,
      "accuracy_drop": 0.9375,
      "text_drop": 0.3505793828299315,
      "dissociation": 0.5869206171700685,
      "wilson_ci_lo": 0.021482843131227235,
      "wilson_ci_hi": 0.1683569766274222,
      "k_rms": 83.04481559240931,
      "v_rms": 0.0,
      "k_signal_rms": 58.735849961671306,
      "v_signal_rms": 15.519820797104908
    },
    "dir_v_mid": {
      "n": 48,
      "n_correct": 48,
      "accuracy": 1.0,
      "text_accuracy": 0.9685119932882351,
      "clean_text_accuracy": 1.0,
      "accuracy_drop": 0.0,
      "text_drop": 0.03148800671176488,
      "dissociation": -0.03148800671176488,
      "wilson_ci_lo": 0.9258973488472576,
      "wilson_ci_hi": 0.9999999999999998,
      "k_rms": 0.0,
      "v_rms": 22.746006158194415,
      "k_signal_rms": 59.39632916421308,
      "v_signal_rms": 16.088420192725096
    },
    "dir_k_late": {
      "n": 48,
      "n_correct": 14,
      "accuracy": 0.2916666666666667,
      "text_accuracy": 0.992964368810974,
      "clean_text_accuracy": 1.0,
      "accuracy_drop": 0.7083333333333333,
      "text_drop": 0.007035631189025948,
      "dissociation": 0.7012977021443073,
      "wilson_ci_lo": 0.18241416061863375,
      "wilson_ci_hi": 0.4317952773616755,
      "k_rms": 81.79983643753636,
      "v_rms": 0.0,
      "k_signal_rms": 57.8468047120409,
      "v_signal_rms": 15.192402122956674
    },
    "dir_v_late": {
      "n": 48,
      "n_correct": 44,
      "accuracy": 0.9166666666666666,
      "text_accuracy": 0.9940024868490082,
      "clean_text_accuracy": 1.0,
      "accuracy_drop": 0.08333333333333337,
      "text_drop": 0.00599751315099184,
      "dissociation": 0.07733582018234153,
      "wilson_ci_lo": 0.804464348389337,
      "wilson_ci_hi": 0.9671167756500445,
      "k_rms": 0.0,
      "v_rms": 22.13025469836016,
      "k_signal_rms": 59.36983051538124,
      "v_signal_rms": 15.64678212946027
    },
    "dir_kv_early": {
      "n": 48,
      "n_correct": 10,
      "accuracy": 0.20833333333333334,
      "text_accuracy": 0.37632289516632195,
      "clean_text_accuracy": 1.0,
      "accuracy_drop": 0.7916666666666666,
      "text_drop": 0.623677104833678,
      "dissociation": 0.16798956183298863,
      "wilson_ci_lo": 0.11730147795889814,
      "wilson_ci_hi": 0.3425917352135348,
      "k_rms": 79.54150814533857,
      "v_rms": 22.660641877599755,
      "k_signal_rms": 56.27362356201122,
      "v_signal_rms": 16.022327009246553
    },
    "dir_kv_mid": {
      "n": 48,
      "n_correct": 10,
      "accuracy": 0.20833333333333334,
      "text_accuracy": 0.6857714409864789,
      "clean_text_accuracy": 1.0,
      "accuracy_drop": 0.7916666666666666,
      "text_drop": 0.3142285590135211,
      "dissociation": 0.47743810765314554,
      "wilson_ci_lo": 0.11730147795889814,
      "wilson_ci_hi": 0.3425917352135348,
      "k_rms": 81.21018455105865,
      "v_rms": 22.90759554959787,
      "k_signal_rms": 57.41517283862377,
      "v_signal_rms": 16.191435117773157
    },
    "dir_kv_late": {
      "n": 48,
      "n_correct": 14,
      "accuracy": 0.2916666666666667,
      "text_accuracy": 0.9905448647310972,
      "clean_text_accuracy": 1.0,
      "accuracy_drop": 0.7083333333333333,
      "text_drop": 0.009455135268902848,
      "dissociation": 0.6988781980644304,
      "wilson_ci_lo": 0.18241416061863375,
      "wilson_ci_hi": 0.4317952773616755,
      "k_rms": 80.58820703293107,
      "v_rms": 22.55138507862624,
      "k_signal_rms": 56.99593217186742,
      "v_signal_rms": 15.945931514267299
    }
  },
  "elapsed_seconds": 1519.4273700714111
}