{
  "experiment": "exp_026_qwen_dose_response",
  "model": "Qwen/Qwen3-4B-Base",
  "n_valid": 20,
  "n_processed": 20,
  "n_skip_wrong": 0,
  "n_skip_trunc": 6,
  "conditions": [
    "mag_v_03",
    "mag_v_05",
    "mag_v_10",
    "mag_v_20",
    "mag_v_30",
    "mag_v_50",
    "mag_v_100",
    "mag_k_03",
    "mag_k_05",
    "mag_k_10",
    "mag_k_20",
    "mag_kv_03",
    "mag_kv_05",
    "mag_kv_10",
    "mag_kv_20",
    "mag_kv_50"
  ],
  "aggregated": {
    "mag_v_03": {
      "n": 20,
      "n_correct": 20,
      "accuracy": 1.0,
      "text_accuracy": 1.0,
      "clean_text_accuracy": 1.0,
      "accuracy_drop": 0.0,
      "text_drop": 0.0,
      "dissociation": 0.0,
      "rms_perturbation": 13.035303694901467
    },
    "mag_v_05": {
      "n": 20,
      "n_correct": 20,
      "accuracy": 1.0,
      "text_accuracy": 0.9995901639344262,
      "clean_text_accuracy": 1.0,
      "accuracy_drop": 0.0,
      "text_drop": 0.0004098360655737654,
      "dissociation": -0.0004098360655737654,
      "rms_perturbation": 21.63306028318092
    },
    "mag_v_10": {
      "n": 20,
      "n_correct": 20,
      "accuracy": 1.0,
      "text_accuracy": 0.9992025670352014,
      "clean_text_accuracy": 1.0,
      "accuracy_drop": 0.0,
      "text_drop": 0.0007974329647986167,
      "dissociation": -0.0007974329647986167,
      "rms_perturbation": 37.857790350933314
    },
    "mag_v_20": {
      "n": 20,
      "n_correct": 20,
      "accuracy": 1.0,
      "text_accuracy": 0.9989184385080186,
      "clean_text_accuracy": 1.0,
      "accuracy_drop": 0.0,
      "text_drop": 0.0010815614919813532,
      "dissociation": -0.0010815614919813532,
      "rms_perturbation": 69.92149586262323
    },
    "mag_v_30": {
      "n": 20,
      "n_correct": 20,
      "accuracy": 1.0,
      "text_accuracy": 0.99507505339099,
      "clean_text_accuracy": 1.0,
      "accuracy_drop": 0.0,
      "text_drop": 0.004924946609009995,
      "dissociation": -0.004924946609009995,
      "rms_perturbation": 107.19897723786468
    },
    "mag_v_50": {
      "n": 20,
      "n_correct": 10,
      "accuracy": 0.5,
      "text_accuracy": 0.991224225105061,
      "clean_text_accuracy": 1.0,
      "accuracy_drop": 0.5,
      "text_drop": 0.00877577489493897,
      "dissociation": 0.49122422510506103,
      "rms_perturbation": 188.94088684722928
    },
    "mag_v_100": {
      "n": 20,
      "n_correct": 4,
      "accuracy": 0.2,
      "text_accuracy": 0.9817073097311286,
      "clean_text_accuracy": 1.0,
      "accuracy_drop": 0.8,
      "text_drop": 0.01829269026887137,
      "dissociation": 0.7817073097311287,
      "rms_perturbation": 401.14386817670845
    },
    "mag_k_03": {
      "n": 20,
      "n_correct": 18,
      "accuracy": 0.9,
      "text_accuracy": 0.9988873903212327,
      "clean_text_accuracy": 1.0,
      "accuracy_drop": 0.09999999999999998,
      "text_drop": 0.0011126096787672513,
      "dissociation": 0.09888739032123273,
      "rms_perturbation": 32.956281573830715
    },
    "mag_k_05": {
      "n": 20,
      "n_correct": 13,
      "accuracy": 0.65,
      "text_accuracy": 0.9959038977650462,
      "clean_text_accuracy": 1.0,
      "accuracy_drop": 0.35,
      "text_drop": 0.0040961022349538245,
      "dissociation": 0.34590389776504615,
      "rms_perturbation": 52.56436524927564
    },
    "mag_k_10": {
      "n": 20,
      "n_correct": 2,
      "accuracy": 0.1,
      "text_accuracy": 0.989337037213746,
      "clean_text_accuracy": 1.0,
      "accuracy_drop": 0.9,
      "text_drop": 0.010662962786254004,
      "dissociation": 0.889337037213746,
      "rms_perturbation": 95.63044260156965
    },
    "mag_k_20": {
      "n": 20,
      "n_correct": 0,
      "accuracy": 0.0,
      "text_accuracy": 0.9800047328258767,
      "clean_text_accuracy": 1.0,
      "accuracy_drop": 1.0,
      "text_drop": 0.019995267174123255,
      "dissociation": 0.9800047328258767,
      "rms_perturbation": 167.03557550341
    },
    "mag_kv_03": {
      "n": 20,
      "n_correct": 17,
      "accuracy": 0.85,
      "text_accuracy": 0.9992972263868065,
      "clean_text_accuracy": 1.0,
      "accuracy_drop": 0.15000000000000002,
      "text_drop": 0.0007027736131934859,
      "dissociation": 0.14929722638680654,
      "rms_perturbation": 35.54599388176561
    },
    "mag_kv_05": {
      "n": 20,
      "n_correct": 10,
      "accuracy": 0.5,
      "text_accuracy": 0.994091849469046,
      "clean_text_accuracy": 1.0,
      "accuracy_drop": 0.5,
      "text_drop": 0.005908150530953948,
      "dissociation": 0.49409184946904605,
      "rms_perturbation": 57.00611940453304
    },
    "mag_kv_10": {
      "n": 20,
      "n_correct": 1,
      "accuracy": 0.05,
      "text_accuracy": 0.981798587803236,
      "clean_text_accuracy": 1.0,
      "accuracy_drop": 0.95,
      "text_drop": 0.018201412196763966,
      "dissociation": 0.931798587803236,
      "rms_perturbation": 104.34014312269858
    },
    "mag_kv_20": {
      "n": 20,
      "n_correct": 0,
      "accuracy": 0.0,
      "text_accuracy": 0.9718695457949753,
      "clean_text_accuracy": 1.0,
      "accuracy_drop": 1.0,
      "text_drop": 0.02813045420502469,
      "dissociation": 0.9718695457949753,
      "rms_perturbation": 187.1601636512159
    },
    "mag_kv_50": {
      "n": 20,
      "n_correct": 0,
      "accuracy": 0.0,
      "text_accuracy": 0.9710683577863255,
      "clean_text_accuracy": 1.0,
      "accuracy_drop": 1.0,
      "text_drop": 0.028931642213674502,
      "dissociation": 0.9710683577863255,
      "rms_perturbation": 424.4045126698945
    }
  },
  "elapsed_seconds": 1519.1230027675629
}