{
  "experiment": "exp_051_llama_head_position_interaction",
  "model": "meta-llama/Llama-3.1-8B-Instruct",
  "num_layers": 32,
  "n_kv_heads": 8,
  "n_attn_heads": 32,
  "head_dim": 128,
  "architecture": "GQA",
  "answer_head": 5,
  "disp_head": 7,
  "n_valid": 59,
  "n_processed": 59,
  "n_skip_wrong": 16,
  "n_skip_trunc": 0,
  "conditions": [
    "h5_early",
    "h5_mid",
    "h5_late",
    "h5_all",
    "h7_early",
    "h7_mid",
    "h7_late",
    "h7_all"
  ],
  "aggregated": {
    "h5_early": {
      "n": 59,
      "n_correct": 11,
      "accuracy": 0.1864406779661017,
      "text_accuracy": 0.7008909809726508,
      "clean_text_accuracy": 1.0,
      "accuracy_drop": 0.8135593220338984,
      "text_drop": 0.2991090190273492,
      "dissociation": 0.5144503030065491,
      "wilson_ci_lo": 0.10742612239043586,
      "wilson_ci_hi": 0.30379192425382523,
      "perturb_rms": 34.049713196580306,
      "signal_rms": 24.082497424802714,
      "mean_positions_perturbed": 28.864406779661017,
      "mean_total_positions": 86.54237288135593
    },
    "h5_mid": {
      "n": 59,
      "n_correct": 22,
      "accuracy": 0.3728813559322034,
      "text_accuracy": 0.8448568915434573,
      "clean_text_accuracy": 1.0,
      "accuracy_drop": 0.6271186440677966,
      "text_drop": 0.15514310845654267,
      "dissociation": 0.47197553561125394,
      "wilson_ci_lo": 0.2608381803258515,
      "wilson_ci_hi": 0.5004664331785788,
      "perturb_rms": 34.24970577592389,
      "signal_rms": 24.224108387307062,
      "mean_positions_perturbed": 28.8135593220339,
      "mean_total_positions": 86.54237288135593
    },
    "h5_late": {
      "n": 59,
      "n_correct": 41,
      "accuracy": 0.6949152542372882,
      "text_accuracy": 0.95424365119788,
      "clean_text_accuracy": 1.0,
      "accuracy_drop": 0.30508474576271183,
      "text_drop": 0.045756348802119984,
      "dissociation": 0.25932839696059184,
      "wilson_ci_lo": 0.5685343274025616,
      "wilson_ci_hi": 0.7974652652239789,
      "perturb_rms": 34.29125045139093,
      "signal_rms": 24.247406312626026,
      "mean_positions_perturbed": 28.864406779661017,
      "mean_total_positions": 86.54237288135593
    },
    "h5_all": {
      "n": 59,
      "n_correct": 11,
      "accuracy": 0.1864406779661017,
      "text_accuracy": 0.6562568271970084,
      "clean_text_accuracy": 1.0,
      "accuracy_drop": 0.8135593220338984,
      "text_drop": 0.3437431728029916,
      "dissociation": 0.46981614923090675,
      "wilson_ci_lo": 0.10742612239043586,
      "wilson_ci_hi": 0.30379192425382523,
      "perturb_rms": 33.413028149885,
      "signal_rms": 23.626814463236226,
      "mean_positions_perturbed": 86.54237288135593,
      "mean_total_positions": 86.54237288135593
    },
    "h7_early": {
      "n": 59,
      "n_correct": 48,
      "accuracy": 0.8135593220338984,
      "text_accuracy": 0.8513315519246263,
      "clean_text_accuracy": 1.0,
      "accuracy_drop": 0.18644067796610164,
      "text_drop": 0.14866844807537372,
      "dissociation": 0.037772229890727926,
      "wilson_ci_lo": 0.6962080757461748,
      "wilson_ci_hi": 0.8925738776095642,
      "perturb_rms": 34.65667226143997,
      "signal_rms": 24.50693703734175,
      "mean_positions_perturbed": 28.864406779661017,
      "mean_total_positions": 86.54237288135593
    },
    "h7_mid": {
      "n": 59,
      "n_correct": 55,
      "accuracy": 0.9322033898305084,
      "text_accuracy": 0.9107942635801888,
      "clean_text_accuracy": 1.0,
      "accuracy_drop": 0.06779661016949157,
      "text_drop": 0.08920573641981122,
      "dissociation": -0.021409126250319654,
      "wilson_ci_lo": 0.8382425011833289,
      "wilson_ci_hi": 0.9733218129016085,
      "perturb_rms": 34.914353949356006,
      "signal_rms": 24.694185025868084,
      "mean_positions_perturbed": 28.8135593220339,
      "mean_total_positions": 86.54237288135593
    },
    "h7_late": {
      "n": 59,
      "n_correct": 57,
      "accuracy": 0.9661016949152542,
      "text_accuracy": 0.9665077409292055,
      "clean_text_accuracy": 1.0,
      "accuracy_drop": 0.03389830508474578,
      "text_drop": 0.03349225907079445,
      "dissociation": 0.00040604601395133333,
      "wilson_ci_lo": 0.8845621301839242,
      "wilson_ci_hi": 0.9906542869664985,
      "perturb_rms": 34.79084368917734,
      "signal_rms": 24.61122067896954,
      "mean_positions_perturbed": 28.864406779661017,
      "mean_total_positions": 86.54237288135593
    },
    "h7_all": {
      "n": 59,
      "n_correct": 50,
      "accuracy": 0.847457627118644,
      "text_accuracy": 0.8356967698912835,
      "clean_text_accuracy": 1.0,
      "accuracy_drop": 0.15254237288135597,
      "text_drop": 0.1643032301087165,
      "dissociation": -0.011760857227360533,
      "wilson_ci_lo": 0.7348177673118977,
      "wilson_ci_hi": 0.9176162891093264,
      "perturb_rms": 34.73622817267741,
      "signal_rms": 24.564434537970012,
      "mean_positions_perturbed": 86.54237288135593,
      "mean_total_positions": 86.54237288135593
    }
  },
  "elapsed_seconds": 1511.4721755981445
}